Time_s,Voltage_V,Current_A,Power_W,SOC_Percent,DTB_Temp_C,TC0_Temp_C,TC1_Temp_C
5.659,3.108,3.298,10.208,0.11,30.05,2289.24,21.53
14.033,3.152,3.298,10.346,0.26,30.05,2289.24,21.50
20.968,3.181,3.298,10.437,0.39,30.05,2289.24,21.49
27.955,3.209,3.298,10.529,0.52,30.05,2289.24,21.46
34.903,3.234,3.298,10.620,0.65,30.05,2289.25,21.47
41.857,3.257,3.298,10.666,0.79,30.05,2289.24,21.49
48.801,3.278,3.298,10.758,0.92,30.05,2289.24,21.49
55.754,3.296,3.298,10.803,1.05,30.00,2289.24,21.54
62.713,3.314,3.298,10.849,1.18,29.95,2289.24,21.55
69.659,3.330,3.298,10.941,1.31,29.85,2289.23,21.55
76.615,3.346,3.298,10.986,1.44,29.85,2289.24,21.52
83.610,3.360,3.298,11.032,1.57,29.85,2289.25,21.53
90.524,3.374,3.298,11.078,1.70,29.85,2289.24,21.54
99.467,3.392,3.298,11.124,1.87,29.90,2289.24,21.56
107.417,3.406,3.298,11.170,2.01,29.95,2289.26,21.56
114.363,3.417,3.298,11.215,2.14,29.95,2289.24,21.56
121.336,3.429,3.298,11.261,2.27,29.95,2289.25,21.57
128.288,3.438,3.298,11.261,2.40,30.00,2289.24,21.58
137.234,3.452,3.298,11.307,2.57,30.00,2289.25,21.57
145.200,3.463,3.298,11.353,2.72,30.00,2289.24,21.56
152.137,3.472,3.298,11.398,2.85,30.00,2289.26,21.55
159.098,3.481,3.298,11.444,2.98,30.00,2289.24,21.56
166.048,3.490,3.298,11.444,3.11,30.10,2289.24,21.53
175.010,3.502,3.298,11.490,3.28,30.10,2289.25,21.52
181.942,3.509,3.298,11.536,3.41,30.05,2289.24,21.52
188.905,3.518,3.298,11.536,3.54,30.05,2289.24,21.53
195.838,3.525,3.298,11.582,3.67,30.05,2289.25,21.55
204.784,3.534,3.298,11.582,3.84,30.05,2289.25,21.55
212.754,3.543,3.298,11.627,3.99,30.05,2289.24,21.55
219.710,3.550,3.298,11.627,4.12,30.05,2289.25,21.55
226.654,3.557,3.298,11.673,4.25,30.05,2289.25,21.54
233.588,3.564,3.298,11.673,4.38,30.00,2289.26,21.56
240.568,3.568,3.298,11.719,4.51,30.00,2289.25,21.51
247.500,3.575,3.298,11.719,4.64,29.95,2289.24,21.52
254.460,3.582,3.298,11.765,4.77,29.95,2289.26,21.53
261.391,3.587,3.298,11.765,4.90,29.95,2289.24,21.56
270.363,3.593,3.298,11.810,5.07,29.95,2289.25,21.57
278.296,3.600,3.298,11.810,5.22,30.00,2289.24,21.55
285.278,3.605,3.298,11.810,5.35,30.00,2289.26,21.51
292.216,3.607,3.298,11.856,5.48,30.00,2289.25,21.53
299.157,3.612,3.298,11.856,5.61,30.00,2289.26,21.55
306.126,3.614,3.298,11.856,5.74,30.00,2289.27,21.57
313.069,3.616,3.298,11.856,5.87,30.00,2289.25,21.58
320.023,3.619,3.298,11.856,6.00,30.05,2289.26,21.57
326.978,3.621,3.298,11.902,6.13,30.05,2289.27,21.55
335.954,3.623,3.298,11.902,6.30,30.05,2289.25,21.56
343.869,3.623,3.298,11.902,6.45,30.00,2289.25,21.57
350.814,3.626,3.298,11.902,6.57,30.00,2289.25,21.58
357.781,3.628,3.298,11.902,6.71,30.00,2289.25,21.58
364.722,3.628,3.298,11.902,6.84,29.95,2289.26,21.59
371.690,3.630,3.298,11.902,6.97,29.95,2289.27,21.61
378.645,3.630,3.298,11.902,7.10,29.90,2289.25,21.61
385.611,3.632,3.298,11.902,7.23,29.90,2289.24,21.62
392.530,3.635,3.298,11.948,7.36,29.90,2289.27,21.62
399.500,3.635,3.298,11.948,7.49,29.90,2289.26,21.58
406.442,3.637,3.298,11.948,7.62,29.95,2289.26,21.58
413.419,3.639,3.298,11.948,7.75,29.95,2289.24,21.53
420.360,3.639,3.298,11.948,7.88,29.95,2289.25,21.52
427.309,3.642,3.298,11.948,8.01,29.95,2289.24,21.52
434.256,3.642,3.298,11.948,8.14,30.00,2289.25,21.53
441.245,3.644,3.298,11.948,8.27,30.00,2289.25,21.53
448.185,3.646,3.298,11.948,8.40,30.00,2289.25,21.53
455.134,3.646,3.298,11.948,8.53,30.05,2289.26,21.55
462.106,3.648,3.298,11.993,8.66,30.10,2289.25,21.54
469.038,3.648,3.298,11.993,8.79,30.05,2289.26,21.58
476.004,3.651,3.298,11.993,8.92,30.05,2289.24,21.57
482.935,3.653,3.298,11.993,9.05,30.05,2289.25,21.56
489.898,3.653,3.298,11.993,9.18,29.95,2289.26,21.55
496.854,3.655,3.298,11.993,9.31,29.95,2289.26,21.57
503.787,3.655,3.298,11.993,9.44,29.90,2289.26,21.57
510.750,3.658,3.298,11.993,9.57,29.90,2289.24,21.54
517.682,3.660,3.298,11.993,9.70,29.90,2289.26,21.54
524.656,3.660,3.298,11.993,9.83,29.90,2289.25,21.51
531.615,3.662,3.298,11.993,9.96,29.95,2289.25,21.49
538.568,3.662,3.298,12.039,10.09,30.00,2289.25,21.48
978.653,3.607,3.298,11.856,10.09,30.25,2289.27,21.41
986.130,3.619,3.298,11.856,10.23,30.25,2289.27,21.39
993.081,3.628,3.298,11.902,10.36,30.25,2289.28,21.41
1000.061,3.632,3.298,11.902,10.49,30.25,2289.27,21.40
1006.974,3.639,3.298,11.948,10.62,30.25,2289.26,21.40
1013.933,3.644,3.298,11.948,10.75,30.25,2289.27,21.44
1020.885,3.646,3.298,11.948,10.88,30.20,2289.28,21.45
1027.847,3.651,3.298,11.993,11.01,30.15,2289.28,21.47
1034.795,3.653,3.298,11.993,11.14,30.10,2289.27,21.46
1041.765,3.658,3.298,11.993,11.27,30.05,2289.27,21.47
1048.723,3.660,3.298,11.993,11.40,30.05,2289.30,21.47
1055.681,3.662,3.298,11.993,11.53,30.00,2289.28,21.48
1064.638,3.664,3.298,12.039,11.70,30.00,2289.27,21.47
1072.592,3.667,3.298,12.039,11.85,30.00,2289.28,21.47
1079.516,3.669,3.298,12.039,11.98,30.05,2289.26,21.48
1086.476,3.671,3.298,12.039,12.11,30.10,2289.26,21.44
1093.446,3.671,3.298,12.039,12.24,30.10,2289.27,21.45
1100.383,3.674,3.298,12.039,12.37,30.10,2289.25,21.46
1107.348,3.676,3.298,12.039,12.50,30.10,2289.27,21.45
1114.294,3.678,3.298,12.085,12.63,30.10,2289.26,21.44
1121.252,3.678,3.298,12.085,12.76,30.10,2289.25,21.48
1128.204,3.680,3.298,12.085,12.89,30.10,2289.26,21.50
1135.156,3.683,3.298,12.085,13.02,30.10,2289.26,21.51
1142.099,3.685,3.298,12.085,13.15,30.10,2289.25,21.48
1149.058,3.685,3.298,12.085,13.29,30.10,2289.26,21.47
1158.018,3.687,3.298,12.085,13.45,30.05,2289.25,21.47
1165.967,3.690,3.298,12.085,13.60,30.05,2289.26,21.48
1172.898,3.692,3.298,12.131,13.73,30.05,2289.25,21.46
1179.859,3.692,3.298,12.131,13.86,30.00,2289.25,21.46
1186.829,3.694,3.298,12.131,13.99,30.00,2289.25,21.47
1193.780,3.696,3.298,12.131,14.12,30.00,2289.24,21.49
1200.711,3.696,3.298,12.131,14.25,30.00,2289.25,21.48
1207.685,3.699,3.298,12.131,14.38,30.00,2289.24,21.49
1214.647,3.701,3.298,12.131,14.51,29.95,2289.23,21.51
1221.580,3.701,3.298,12.131,14.64,29.85,2289.23,21.50
1228.535,3.703,3.298,12.131,14.77,29.80,2289.24,21.49
1235.534,3.706,3.298,12.177,14.91,29.85,2289.24,21.50
1242.433,3.706,3.298,12.177,15.03,29.90,2289.25,21.49
1249.414,3.708,3.298,12.177,15.17,29.95,2289.25,21.45
1256.335,3.710,3.298,12.177,15.30,29.95,2289.25,21.45
1265.297,3.710,3.298,12.177,15.46,30.00,2289.25,21.45
1273.253,3.712,3.298,12.177,15.61,30.05,2289.23,21.44
1280.186,3.715,3.298,12.177,15.74,30.05,2289.23,21.43
1287.153,3.715,3.298,12.177,15.87,30.05,2289.25,21.45
1294.083,3.717,3.298,12.222,16.00,30.05,2289.24,21.48
1303.067,3.719,3.298,12.222,16.17,30.00,2289.23,21.49
1310.992,3.722,3.298,12.222,16.32,29.95,2289.24,21.49
1317.962,3.722,3.298,12.222,16.45,29.95,2289.24,21.46
1324.888,3.724,3.298,12.222,16.58,29.95,2289.24,21.47
1331.839,3.726,3.298,12.222,16.71,29.95,2289.23,21.49
1338.812,3.726,3.298,12.222,16.84,30.00,2289.22,21.49
1345.756,3.729,3.298,12.222,16.97,30.05,2289.23,21.49
1352.706,3.729,3.298,12.222,17.10,30.05,2289.21,21.46
1359.679,3.731,3.298,12.222,17.23,30.05,2289.22,21.47
1366.620,3.733,3.298,12.268,17.36,30.05,2289.22,21.47
1373.583,3.733,3.298,12.268,17.49,30.05,2289.23,21.48
1380.563,3.735,3.298,12.268,17.62,30.05,2289.22,21.48
1387.467,3.738,3.298,12.268,17.75,30.05,2289.22,21.49
1396.426,3.738,3.298,12.268,17.92,30.05,2289.24,21.50
1404.368,3.740,3.298,12.268,18.07,30.05,2289.22,21.49
1411.317,3.742,3.298,12.268,18.20,30.00,2289.21,21.47
1420.292,3.745,3.298,12.268,18.37,30.00,2289.22,21.47
1428.236,3.745,3.298,12.314,18.52,30.00,2289.20,21.47
1435.193,3.747,3.298,12.314,18.65,30.00,2289.19,21.47
1442.149,3.747,3.298,12.314,18.78,30.00,2289.20,21.47
1449.084,3.749,3.298,12.314,18.91,30.00,2289.20,21.49
1456.063,3.751,3.298,12.314,19.04,29.95,2289.18,21.49
1462.988,3.751,3.298,12.314,19.17,29.95,2289.19,21.46
1469.966,3.754,3.298,12.314,19.30,29.95,2289.19,21.46
1476.921,3.754,3.298,12.314,19.43,29.90,2289.20,21.45
1483.852,3.756,3.298,12.314,19.56,29.90,2289.18,21.47
1490.801,3.756,3.298,12.314,19.69,29.90,2289.19,21.46
1497.764,3.758,3.298,12.314,19.82,29.90,2289.19,21.48
1504.717,3.758,3.298,12.314,19.95,29.90,2289.18,21.46
1511.685,3.761,3.298,12.360,20.08,29.90,2289.19,21.46
1951.824,3.724,3.298,12.222,20.08,29.95,2289.09,21.38
1959.275,3.735,3.298,12.268,20.22,29.95,2289.06,21.38
1966.217,3.742,3.298,12.268,20.35,29.95,2289.07,21.37
1973.160,3.747,3.298,12.314,20.48,29.95,2289.07,21.40
1980.110,3.751,3.298,12.314,20.61,29.95,2289.07,21.42
1987.065,3.756,3.298,12.314,20.74,29.95,2289.07,21.39
1994.001,3.758,3.298,12.314,20.87,29.95,2289.05,21.38
2000.951,3.761,3.298,12.360,21.00,29.95,2289.04,21.41
2009.901,3.765,3.298,12.360,21.17,29.95,2289.06,21.42
2017.878,3.767,3.298,12.360,21.32,29.95,2289.05,21.43
2024.805,3.770,3.298,12.360,21.45,29.95,2289.06,21.42
2031.791,3.770,3.298,12.360,21.58,30.05,2289.05,21.42
2038.732,3.772,3.298,12.360,21.71,30.05,2289.04,21.43
2045.701,3.772,3.298,12.405,21.84,30.10,2289.05,21.45
2052.636,3.774,3.298,12.405,21.97,30.10,2289.04,21.45
2059.587,3.777,3.298,12.405,22.10,30.10,2289.04,21.41
2066.517,3.777,3.298,12.405,22.23,30.10,2289.04,21.41
2073.492,3.779,3.298,12.405,22.36,30.10,2289.01,21.39
2080.442,3.779,3.298,12.405,22.49,30.10,2289.03,21.37
2087.386,3.781,3.298,12.405,22.62,30.10,2289.04,21.35
2094.365,3.781,3.298,12.405,22.75,30.10,2289.04,21.35
2101.312,3.783,3.298,12.405,22.88,30.10,2289.03,21.36
2108.261,3.783,3.298,12.405,23.01,30.10,2289.03,21.37
2115.221,3.786,3.298,12.405,23.14,30.10,2289.02,21.35
2122.166,3.786,3.298,12.405,23.27,30.10,2289.02,21.35
2129.109,3.788,3.298,12.451,23.40,30.10,2289.01,21.33
2136.050,3.788,3.298,12.451,23.53,30.00,2289.01,21.32
2143.004,3.788,3.298,12.451,23.66,30.00,2289.02,21.34
2149.981,3.790,3.298,12.451,23.79,29.95,2289.02,21.34
2156.950,3.790,3.298,12.451,23.92,29.90,2289.00,21.33
2163.865,3.793,3.298,12.451,24.05,29.80,2289.00,21.35
2170.882,3.793,3.298,12.451,24.18,29.80,2289.01,21.36
2177.795,3.795,3.298,12.451,24.32,29.80,2289.00,21.38
2184.790,3.795,3.298,12.451,24.45,29.85,2289.00,21.38
2191.726,3.795,3.298,12.451,24.58,29.90,2289.00,21.41
2198.683,3.797,3.298,12.451,24.71,29.95,2289.00,21.41
2205.627,3.797,3.298,12.451,24.84,29.95,2289.00,21.41
2212.547,3.799,3.298,12.451,24.97,30.00,2289.00,21.41
2219.527,3.799,3.298,12.451,25.10,30.05,2289.01,21.40
2226.468,3.799,3.298,12.451,25.23,30.05,2289.00,21.38
2233.421,3.802,3.298,12.497,25.36,30.10,2288.99,21.40
2242.391,3.802,3.298,12.497,25.53,30.10,2288.99,21.44
2250.350,3.804,3.298,12.497,25.67,30.10,2288.99,21.43
2257.294,3.804,3.298,12.497,25.80,30.05,2288.99,21.44
2264.257,3.806,3.298,12.497,25.94,30.05,2288.98,21.42
2271.189,3.806,3.298,12.497,26.07,30.05,2288.98,21.42
2278.147,3.806,3.298,12.497,26.20,30.00,2288.99,21.42
2285.096,3.809,3.298,12.497,26.33,30.00,2288.97,21.42
2294.075,3.809,3.298,12.497,26.49,29.95,2288.96,21.43
2301.979,3.811,3.298,12.497,26.64,29.95,2288.98,21.44
2308.939,3.811,3.298,12.497,26.77,30.05,2288.96,21.41
2315.909,3.813,3.298,12.497,26.90,30.10,2288.98,21.37
2322.843,3.813,3.298,12.497,27.03,30.15,2288.97,21.36
2331.869,3.815,3.298,12.543,27.20,30.15,2288.97,21.40
2339.770,3.815,3.298,12.543,27.35,30.15,2288.95,21.38
2346.725,3.815,3.298,12.543,27.48,30.15,2288.97,21.38
2353.709,3.818,3.298,12.543,27.61,30.15,2288.96,21.37
2360.656,3.818,3.298,12.543,27.74,30.15,2288.95,21.39
2367.598,3.820,3.298,12.543,27.87,30.10,2288.93,21.43
2374.564,3.820,3.298,12.543,28.00,30.10,2288.95,21.42
2381.518,3.822,3.298,12.543,28.13,30.10,2288.95,21.38
2388.449,3.822,3.298,12.543,28.26,30.10,2288.94,21.37
2395.398,3.822,3.298,12.543,28.39,30.10,2288.94,21.37
2402.343,3.825,3.298,12.543,28.52,30.10,2288.94,21.37
2411.326,3.825,3.298,12.543,28.69,30.05,2288.94,21.39
2419.264,3.827,3.298,12.543,28.84,30.05,2288.94,21.38
2426.246,3.827,3.298,12.543,28.97,30.05,2288.93,21.39
2433.180,3.829,3.298,12.589,29.10,30.05,2288.93,21.38
2440.120,3.829,3.298,12.589,29.23,30.05,2288.92,21.38
2447.083,3.829,3.298,12.589,29.36,30.05,2288.92,21.36
2454.020,3.832,3.298,12.589,29.49,30.05,2288.93,21.35
2460.980,3.832,3.298,12.589,29.62,30.05,2288.93,21.33
2469.922,3.834,3.298,12.589,29.79,30.05,2288.92,21.33
2476.898,3.834,3.298,12.589,29.92,30.05,2288.94,21.32
2483.839,3.836,3.298,12.589,30.05,29.95,2288.93,21.32
2924.846,3.795,3.298,12.451,30.05,29.95,2289.15,21.30
2932.397,3.806,3.298,12.497,30.19,30.00,2289.15,21.32
2939.376,3.813,3.298,12.497,30.32,30.00,2289.16,21.32
2946.312,3.818,3.298,12.543,30.45,30.00,2289.16,21.33
2953.291,3.820,3.298,12.543,30.58,30.00,2289.16,21.33
2960.260,3.825,3.298,12.543,30.71,29.95,2289.16,21.31
2967.218,3.827,3.298,12.543,30.85,29.95,2289.16,21.31
2974.156,3.829,3.298,12.589,30.98,29.95,2289.18,21.30
2981.104,3.832,3.298,12.589,31.11,29.95,2289.18,21.30
2988.044,3.834,3.298,12.589,31.24,30.00,2289.18,21.32
2997.003,3.836,3.298,12.589,31.40,30.10,2289.18,21.34
3004.955,3.838,3.298,12.589,31.55,30.15,2289.19,21.35
3011.921,3.838,3.298,12.589,31.68,30.10,2289.19,21.33
3020.874,3.841,3.298,12.589,31.85,30.00,2289.20,21.32
3028.798,3.843,3.298,12.589,32.00,29.95,2289.20,21.32
3035.740,3.843,3.298,12.634,32.13,29.95,2289.19,21.31
3042.688,3.845,3.298,12.634,32.26,30.05,2289.20,21.33
3049.659,3.845,3.298,12.634,32.39,30.05,2289.19,21.35
3056.601,3.848,3.298,12.634,32.52,30.00,2289.20,21.36
3063.574,3.848,3.298,12.634,32.65,29.95,2289.19,21.36
3070.526,3.850,3.298,12.634,32.78,29.95,2289.21,21.35
3077.469,3.850,3.298,12.634,32.91,29.95,2289.21,21.35
3084.436,3.852,3.298,12.634,33.04,29.95,2289.22,21.36
3091.372,3.852,3.298,12.634,33.17,29.95,2289.23,21.36
3098.337,3.854,3.298,12.634,33.30,30.00,2289.21,21.36
3105.269,3.854,3.298,12.634,33.43,30.00,2289.21,21.35
3112.214,3.857,3.298,12.634,33.56,30.00,2289.20,21.37
3119.179,3.857,3.298,12.680,33.69,30.00,2289.22,21.36
3126.135,3.857,3.298,12.680,33.82,30.00,2289.22,21.35
3133.110,3.859,3.298,12.680,33.95,30.00,2289.22,21.35
3140.045,3.859,3.298,12.680,34.08,30.00,2289.23,21.35
3146.969,3.861,3.298,12.680,34.21,30.00,2289.22,21.35
3153.940,3.861,3.298,12.680,34.34,30.00,2289.22,21.37
3160.889,3.864,3.298,12.680,34.48,30.00,2289.21,21.36
3167.855,3.864,3.298,12.680,34.61,30.00,2289.23,21.36
3174.784,3.866,3.298,12.680,34.74,29.95,2289.21,21.37
3181.757,3.866,3.298,12.680,34.87,29.90,2289.22,21.36
3188.710,3.866,3.298,12.680,35.00,29.90,2289.23,21.34
3195.672,3.868,3.298,12.680,35.13,29.90,2289.24,21.31
3202.602,3.868,3.298,12.680,35.26,29.90,2289.23,21.32
3209.565,3.870,3.298,12.680,35.39,29.90,2289.23,21.33
3216.519,3.870,3.298,12.726,35.52,29.90,2289.22,21.31
3223.473,3.873,3.298,12.726,35.65,29.95,2289.24,21.32
3230.417,3.873,3.298,12.726,35.78,29.95,2289.22,21.32
3237.357,3.873,3.298,12.726,35.91,30.05,2289.24,21.33
3244.344,3.875,3.298,12.726,36.04,30.05,2289.24,21.35
3251.288,3.875,3.298,12.726,36.17,30.05,2289.23,21.36
3258.261,3.877,3.298,12.726,36.30,30.05,2289.23,21.34
3265.189,3.877,3.298,12.726,36.43,30.05,2289.23,21.34
3272.134,3.877,3.298,12.726,36.56,30.05,2289.24,21.34
3279.120,3.880,3.298,12.726,36.69,30.05,2289.24,21.35
3286.056,3.880,3.298,12.726,36.82,30.05,2289.23,21.35
3295.000,3.882,3.298,12.726,36.99,30.00,2289.24,21.35
3302.979,3.882,3.298,12.726,37.14,30.00,2289.23,21.33
3309.908,3.884,3.298,12.726,37.27,30.00,2289.24,21.34
3316.869,3.884,3.298,12.772,37.40,30.00,2289.23,21.36
3325.809,3.886,3.298,12.772,37.57,30.00,2289.23,21.39
3332.767,3.886,3.298,12.772,37.70,30.00,2289.23,21.41
3339.732,3.889,3.298,12.772,37.83,29.95,2289.22,21.41
3346.693,3.889,3.298,12.772,37.96,29.95,2289.23,21.42
3353.610,3.889,3.298,12.772,38.09,29.95,2289.23,21.43
3360.586,3.891,3.298,12.772,38.22,29.95,2289.25,21.43
3367.524,3.891,3.298,12.772,38.35,30.00,2289.23,21.40
3374.505,3.893,3.298,12.772,38.48,30.05,2289.23,21.41
3383.432,3.893,3.298,12.772,38.65,30.05,2289.23,21.42
3390.390,3.896,3.298,12.772,38.78,30.05,2289.23,21.39
3397.321,3.896,3.298,12.772,38.91,30.00,2289.23,21.35
3404.288,3.896,3.298,12.772,39.04,30.00,2289.23,21.35
3411.204,3.898,3.298,12.772,39.17,30.00,2289.22,21.34
3418.205,3.898,3.298,12.817,39.30,30.00,2289.24,21.34
3425.148,3.900,3.298,12.817,39.43,30.00,2289.23,21.37
3432.083,3.900,3.298,12.817,39.56,30.00,2289.23,21.36
3439.040,3.902,3.298,12.817,39.69,29.95,2289.22,21.34
3446.003,3.902,3.298,12.817,39.82,29.95,2289.22,21.33
3452.961,3.902,3.298,12.817,39.95,29.95,2289.23,21.34
3459.913,3.905,3.298,12.817,40.08,29.95,2289.25,21.32
3899.956,3.854,3.298,12.634,40.08,30.05,2289.21,21.27
3907.490,3.866,3.298,12.680,40.22,29.95,2289.21,21.27
3914.433,3.875,3.298,12.726,40.35,29.95,2289.22,21.26
3921.414,3.882,3.298,12.726,40.48,29.90,2289.21,21.27
3928.346,3.886,3.298,12.772,40.61,29.85,2289.23,21.26
3935.326,3.891,3.298,12.772,40.74,29.85,2289.22,21.25
3942.250,3.896,3.298,12.772,40.87,29.85,2289.21,21.23
3949.195,3.898,3.298,12.772,41.00,29.90,2289.20,21.22
3958.145,3.902,3.298,12.817,41.17,30.00,2289.23,21.24
3966.108,3.905,3.298,12.817,41.31,30.00,2289.22,21.25
3973.066,3.907,3.298,12.817,41.44,30.05,2289.22,21.28
3980.008,3.907,3.298,12.817,41.58,30.05,2289.22,21.31
3986.946,3.909,3.298,12.817,41.71,30.10,2289.23,21.31
3993.946,3.912,3.298,12.817,41.84,30.10,2289.22,21.31
4000.853,3.912,3.298,12.863,41.97,30.10,2289.22,21.29
4007.809,3.914,3.298,12.863,42.10,30.05,2289.21,21.30
4014.747,3.916,3.298,12.863,42.23,30.05,2289.22,21.31
4021.743,3.916,3.298,12.863,42.36,29.95,2289.21,21.30
4028.666,3.918,3.298,12.863,42.49,29.95,2289.23,21.31
4035.633,3.918,3.298,12.863,42.62,29.95,2289.21,21.32
4042.598,3.921,3.298,12.863,42.75,30.00,2289.22,21.33
4049.591,3.921,3.298,12.863,42.88,30.00,2289.23,21.34
4056.503,3.923,3.298,12.863,43.01,30.05,2289.22,21.36
4063.449,3.923,3.298,12.863,43.14,30.05,2289.22,21.36
4072.390,3.925,3.298,12.909,43.31,30.05,2289.22,21.32
4079.375,3.928,3.298,12.909,43.44,30.00,2289.23,21.33
4086.307,3.928,3.298,12.909,43.57,30.00,2289.22,21.34
4093.290,3.930,3.298,12.909,43.70,30.00,2289.22,21.32
4100.200,3.930,3.298,12.909,43.83,30.00,2289.21,21.29
4107.152,3.932,3.298,12.909,43.96,30.00,2289.24,21.29
4114.116,3.932,3.298,12.909,44.09,29.90,2289.22,21.29
4121.068,3.935,3.298,12.909,44.22,29.90,2289.22,21.32
4128.032,3.935,3.298,12.909,44.35,29.85,2289.23,21.33
4134.964,3.937,3.298,12.909,44.48,29.85,2289.21,21.34
4141.924,3.937,3.298,12.909,44.61,29.90,2289.22,21.36
4148.893,3.939,3.298,12.909,44.74,29.90,2289.22,21.35
4157.847,3.939,3.298,12.955,44.91,29.90,2289.22,21.31
4166.799,3.941,3.298,12.955,45.08,30.00,2289.21,21.35
4174.740,3.944,3.298,12.955,45.22,30.05,2289.22,21.35
4183.704,3.944,3.298,12.955,45.39,30.05,2289.20,21.35
4190.659,3.946,3.298,12.955,45.52,30.05,2289.21,21.37
4197.607,3.946,3.298,12.955,45.65,30.05,2289.21,21.37
4204.531,3.948,3.298,12.955,45.78,30.05,2289.22,21.38
4211.495,3.948,3.298,12.955,45.91,30.05,2289.21,21.36
4218.458,3.951,3.298,12.955,46.04,30.05,2289.21,21.35
4225.402,3.953,3.298,12.955,46.17,30.05,2289.21,21.34
4232.366,3.953,3.298,12.955,46.30,30.05,2289.19,21.32
4239.299,3.955,3.298,13.001,46.43,30.05,2289.20,21.34
4246.246,3.955,3.298,13.001,46.56,30.05,2289.21,21.35
4253.220,3.957,3.298,13.001,46.70,30.05,2289.19,21.33
4260.191,3.957,3.298,13.001,46.83,30.05,2289.19,21.31
4267.121,3.960,3.298,13.001,46.96,30.05,2289.20,21.30
4274.074,3.960,3.298,13.001,47.09,30.05,2289.20,21.30
4281.019,3.962,3.298,13.001,47.22,30.05,2289.20,21.30
4287.982,3.964,3.298,13.001,47.35,30.05,2289.19,21.32
4294.955,3.964,3.298,13.001,47.48,29.95,2289.18,21.31
4301.911,3.967,3.298,13.001,47.61,29.95,2289.19,21.31
4308.845,3.967,3.298,13.046,47.74,29.95,2289.20,21.29
4315.810,3.969,3.298,13.046,47.87,29.95,2289.19,21.28
4322.754,3.971,3.298,13.046,48.00,29.95,2289.17,21.28
4329.722,3.971,3.298,13.046,48.13,29.90,2289.19,21.26
4336.661,3.973,3.298,13.046,48.26,29.90,2289.18,21.29
4343.658,3.973,3.298,13.046,48.39,29.90,2289.19,21.32
4350.594,3.976,3.298,13.046,48.52,29.85,2289.18,21.33
4357.541,3.978,3.298,13.046,48.65,29.85,2289.19,21.32
4364.490,3.978,3.298,13.046,48.78,29.85,2289.19,21.31
4371.441,3.980,3.298,13.046,48.91,29.90,2289.18,21.33
4378.390,3.980,3.298,13.046,49.04,29.90,2289.19,21.33
4385.348,3.983,3.298,13.092,49.17,29.90,2289.18,21.30
4392.315,3.985,3.298,13.092,49.30,29.90,2289.18,21.29
4399.276,3.985,3.298,13.092,49.43,29.90,2289.18,21.30
4406.208,3.987,3.298,13.092,49.56,30.00,2289.19,21.31
4415.184,3.989,3.298,13.092,49.73,30.00,2289.18,21.29
4423.109,3.989,3.298,13.092,49.88,29.95,2289.18,21.30
4432.051,3.992,3.298,13.092,50.05,29.95,2289.19,21.28
4873.422,3.955,3.298,13.001,50.05,30.05,2289.14,21.21
4880.601,3.967,3.298,13.001,50.18,30.05,2289.14,21.20
4887.548,3.973,3.298,13.046,50.31,30.05,2289.12,21.20
4894.515,3.978,3.298,13.046,50.44,30.05,2289.12,21.21
4901.464,3.983,3.298,13.092,50.57,30.05,2289.12,21.24
4908.443,3.985,3.298,13.092,50.70,30.05,2289.14,21.25
4915.358,3.989,3.298,13.092,50.83,30.00,2289.14,21.26
4922.325,3.992,3.298,13.092,50.96,29.95,2289.12,21.23
4929.283,3.994,3.298,13.092,51.09,29.95,2289.12,21.28
4936.242,3.996,3.298,13.138,51.22,29.95,2289.13,21.29
4943.180,3.999,3.298,13.138,51.35,29.95,2289.12,21.25
4950.159,3.999,3.298,13.138,51.48,29.95,2289.12,21.24
4957.147,4.001,3.298,13.138,51.62,29.95,2289.12,21.23
4964.053,4.003,3.298,13.138,51.75,29.95,2289.12,21.20
4971.022,4.005,3.298,13.138,51.88,29.95,2289.13,21.20
4977.970,4.008,3.298,13.138,52.01,29.95,2289.12,21.19
4984.911,4.008,3.298,13.138,52.14,29.95,2289.14,21.21
4991.852,4.010,3.298,13.184,52.27,29.95,2289.13,21.22
4998.833,4.012,3.298,13.184,52.40,30.00,2289.12,21.23
5005.799,4.012,3.298,13.184,52.53,30.05,2289.12,21.26
5012.743,4.015,3.298,13.184,52.66,30.05,2289.13,21.24
5019.675,4.017,3.298,13.184,52.79,30.05,2289.12,21.22
5026.643,4.019,3.298,13.184,52.92,30.05,2289.12,21.23
5033.593,4.019,3.298,13.184,53.05,30.00,2289.10,21.23
5040.554,4.021,3.298,13.184,53.18,30.00,2289.12,21.23
5047.488,4.024,3.298,13.229,53.31,30.00,2289.11,21.25
5054.495,4.024,3.298,13.229,53.44,30.00,2289.10,21.24
5061.412,4.026,3.298,13.229,53.57,30.00,2289.11,21.25
5068.359,4.028,3.298,13.229,53.70,30.00,2289.11,21.28
5075.317,4.031,3.298,13.229,53.83,30.00,2289.12,21.26
5082.286,4.031,3.298,13.229,53.96,30.00,2289.11,21.27
5089.209,4.033,3.298,13.229,54.09,30.05,2289.11,21.28
5096.197,4.035,3.298,13.229,54.22,30.05,2289.09,21.27
5103.155,4.035,3.298,13.229,54.35,30.05,2289.11,21.25
5110.108,4.038,3.298,13.275,54.48,30.05,2289.10,21.27
5117.050,4.040,3.298,13.275,54.61,30.00,2289.09,21.29
5124.017,4.040,3.298,13.275,54.74,29.95,2289.10,21.28
5130.947,4.042,3.298,13.275,54.87,29.85,2289.09,21.29
5137.913,4.042,3.298,13.275,55.00,29.80,2289.10,21.28
5144.829,4.044,3.298,13.275,55.13,29.80,2289.10,21.27
5151.788,4.047,3.298,13.275,55.26,29.85,2289.09,21.26
5158.757,4.047,3.298,13.275,55.40,29.85,2289.10,21.26
5165.695,4.049,3.298,13.275,55.52,29.90,2289.08,21.25
5172.646,4.051,3.298,13.321,55.66,29.95,2289.08,21.23
5179.637,4.051,3.298,13.321,55.79,30.05,2289.08,21.22
5186.546,4.054,3.298,13.321,55.92,30.05,2289.10,21.19
5193.542,4.054,3.298,13.321,56.05,30.10,2289.08,21.20
5200.479,4.056,3.298,13.321,56.18,30.10,2289.09,21.21
5207.448,4.058,3.298,13.321,56.31,30.20,2289.08,21.22
5214.393,4.058,3.298,13.321,56.44,30.20,2289.08,21.23
5221.329,4.060,3.298,13.321,56.57,30.20,2289.08,21.23
5228.299,4.060,3.298,13.321,56.70,30.25,2289.08,21.24
5235.248,4.063,3.298,13.321,56.83,30.25,2289.08,21.24
5242.218,4.063,3.298,13.321,56.96,30.20,2289.07,21.23
5249.145,4.065,3.296,13.367,57.09,30.20,2289.07,21.24
5256.122,4.067,3.298,13.367,57.22,30.20,2289.08,21.23
5263.079,4.067,3.298,13.367,57.35,30.20,2289.09,21.24
5270.017,4.070,3.298,13.367,57.48,30.15,2289.07,21.25
5276.971,4.070,3.298,13.367,57.61,30.05,2289.08,21.27
5283.908,4.072,3.298,13.367,57.74,30.00,2289.07,21.26
5290.868,4.074,3.298,13.367,57.87,30.00,2289.08,21.23
5297.807,4.074,3.298,13.367,58.00,30.05,2289.06,21.27
5304.784,4.076,3.298,13.367,58.13,30.05,2289.08,21.27
5311.724,4.076,3.298,13.367,58.26,30.10,2289.07,21.27
5318.680,4.079,3.298,13.367,58.39,30.10,2289.08,21.25
5327.615,4.081,3.298,13.413,58.56,30.10,2289.08,21.25
5334.581,4.081,3.298,13.413,58.69,30.05,2289.08,21.26
5341.537,4.083,3.298,13.413,58.82,29.95,2289.07,21.26
5348.470,4.083,3.298,13.413,58.95,29.85,2289.07,21.28
5355.432,4.086,3.298,13.413,59.08,29.85,2289.06,21.26
5362.376,4.086,3.298,13.413,59.21,29.80,2289.06,21.24
5369.356,4.088,3.298,13.413,59.34,29.85,2289.05,21.22
5376.304,4.090,3.298,13.413,59.47,29.85,2289.06,21.21
5383.240,4.090,3.298,13.413,59.60,29.90,2289.05,21.20
5390.218,4.092,3.298,13.458,59.73,29.95,2289.06,21.22
5397.145,4.092,3.298,13.458,59.86,30.05,2289.06,21.23
5404.124,4.095,3.298,13.458,59.99,30.10,2289.04,21.21
5411.059,4.095,3.298,13.458,60.12,30.10,2289.05,21.21
5852.152,4.060,3.298,13.321,60.12,30.10,2289.00,21.14
5859.693,4.070,3.298,13.367,60.26,30.10,2288.99,21.16
5866.663,4.074,3.298,13.367,60.39,30.10,2288.97,21.18
5873.612,4.079,3.298,13.367,60.52,30.05,2288.99,21.17
5880.561,4.081,3.298,13.413,60.65,30.00,2288.97,21.20
5887.520,4.086,3.298,13.413,60.78,29.90,2288.98,21.21
5894.480,4.088,3.298,13.413,60.91,29.90,2288.99,21.21
5901.422,4.090,3.298,13.413,61.04,29.90,2288.97,21.22
5908.371,4.095,3.298,13.458,61.17,29.90,2288.97,21.23
5915.321,4.097,3.298,13.458,61.30,29.90,2288.98,21.23
5924.281,4.099,3.298,13.458,61.47,29.90,2288.97,21.23
5932.248,4.102,3.298,13.458,61.62,29.95,2288.96,21.23
5939.167,4.104,3.298,13.458,61.75,29.95,2288.98,21.22
5946.116,4.106,3.298,13.458,61.88,30.05,2288.97,21.18
5953.118,4.108,3.298,13.504,62.01,30.15,2288.96,21.16
5962.039,4.111,3.298,13.504,62.18,30.15,2288.98,21.17
5969.990,4.113,3.298,13.504,62.33,30.10,2288.97,21.14
5976.958,4.113,3.298,13.504,62.46,30.10,2288.96,21.18
5983.894,4.115,3.298,13.504,62.59,30.05,2288.97,21.17
5990.840,4.115,3.298,13.504,62.72,30.00,2288.95,21.18
5997.807,4.118,3.298,13.504,62.85,30.00,2288.95,21.19
6004.741,4.120,3.298,13.504,62.98,30.00,2288.97,21.18
6011.737,4.120,3.298,13.550,63.11,30.00,2288.96,21.16
6018.665,4.122,3.298,13.550,63.24,30.05,2288.96,21.16
6025.613,4.122,3.298,13.550,63.37,30.05,2288.95,21.15
6032.552,4.124,3.298,13.550,63.50,30.05,2288.95,21.16
6039.529,4.124,3.298,13.550,63.63,30.00,2288.95,21.15
6046.466,4.127,3.298,13.550,63.76,30.00,2288.94,21.14
6053.443,4.129,3.298,13.550,63.89,29.95,2288.95,21.15
6060.389,4.129,3.298,13.550,64.02,29.95,2288.95,21.19
6069.337,4.131,3.298,13.550,64.19,30.00,2288.95,21.17
6076.268,4.131,3.298,13.550,64.32,30.00,2288.94,21.17
6083.219,4.134,3.298,13.550,64.45,30.00,2288.94,21.18
6090.167,4.134,3.298,13.596,64.58,30.05,2288.95,21.17
6097.140,4.136,3.298,13.596,64.71,30.00,2288.95,21.16
6104.099,4.136,3.298,13.596,64.84,30.00,2288.95,21.17
6111.040,4.138,3.298,13.596,64.97,30.00,2288.93,21.17
6117.998,4.138,3.298,13.596,65.10,29.95,2288.94,21.17
6124.963,4.141,3.298,13.596,65.23,29.95,2288.93,21.16
6131.898,4.141,3.298,13.596,65.36,29.95,2288.93,21.16
6138.876,4.143,3.298,13.596,65.49,29.95,2288.93,21.15
6145.805,4.143,3.298,13.596,65.62,30.00,2288.94,21.15
6152.761,4.143,3.298,13.596,65.75,29.95,2288.94,21.19
6159.720,4.145,3.298,13.596,65.88,29.95,2288.93,21.20
6166.679,4.147,3.298,13.596,66.01,29.90,2288.92,21.21
6173.626,4.147,3.298,13.596,66.14,29.90,2288.93,21.24
6180.567,4.150,3.298,13.641,66.27,30.00,2288.93,21.22
6187.510,4.150,3.298,13.641,66.40,30.00,2288.91,21.21
6194.488,4.150,3.298,13.641,66.54,30.10,2288.93,21.21
6201.440,4.152,3.298,13.641,66.67,30.10,2288.92,21.21
6208.403,4.152,3.298,13.641,66.80,30.05,2288.92,21.24
6215.332,4.154,3.298,13.641,66.93,30.05,2288.92,21.22
6222.314,4.154,3.298,13.641,67.06,30.05,2288.92,21.24
6229.244,4.157,3.298,13.641,67.19,30.05,2288.92,21.22
6236.211,4.157,3.298,13.641,67.32,30.00,2288.92,21.22
6243.172,4.159,3.298,13.641,67.45,30.00,2288.92,21.23
6250.139,4.159,3.298,13.641,67.58,30.00,2288.90,21.20
6257.078,4.161,3.298,13.641,67.71,30.05,2288.90,21.19
6264.038,4.161,3.298,13.687,67.84,30.05,2288.90,21.21
6270.990,4.163,3.298,13.687,67.97,30.05,2288.91,21.20
6277.947,4.166,3.298,13.687,68.10,30.05,2288.89,21.21
6284.872,4.166,3.298,13.687,68.23,30.05,2288.90,21.24
6291.839,4.168,3.298,13.687,68.36,30.05,2288.90,21.25
6298.807,4.168,3.298,13.687,68.49,30.05,2288.91,21.24
6305.732,4.170,3.296,13.687,68.62,30.05,2288.88,21.24
6312.712,4.170,3.298,13.687,68.75,30.00,2288.90,21.23
6319.660,4.173,3.298,13.687,68.88,30.00,2288.89,21.24
6326.589,4.175,3.298,13.687,69.01,30.00,2288.88,21.24
6333.552,4.175,3.298,13.733,69.14,29.90,2288.90,21.23
6340.490,4.177,3.298,13.733,69.27,29.90,2288.89,21.22
6347.478,4.177,3.298,13.733,69.40,29.80,2288.89,21.19
6354.424,4.179,3.298,13.733,69.53,29.80,2288.89,21.20
6363.352,4.182,3.298,13.733,69.70,29.85,2288.89,21.22
6370.319,4.182,3.298,13.733,69.83,29.90,2288.89,21.19
6377.278,4.184,3.298,13.733,69.96,29.90,2288.88,21.16
6384.213,4.184,3.298,13.733,70.09,29.90,2288.88,21.18
6825.524,4.136,3.298,13.596,70.09,29.85,2288.79,21.16
6834.822,4.147,3.298,13.596,70.27,29.85,2288.79,21.16
6841.790,4.154,3.298,13.641,70.40,29.85,2288.78,21.16
6848.740,4.159,3.298,13.641,70.53,29.95,2288.79,21.16
6855.685,4.163,3.298,13.641,70.66,29.95,2288.78,21.15
6862.648,4.168,3.298,13.687,70.79,30.00,2288.77,21.14
6869.624,4.170,3.298,13.687,70.92,30.05,2288.77,21.14
6876.542,4.175,3.298,13.687,71.05,30.15,2288.76,21.14
6883.494,4.179,3.298,13.733,71.18,30.15,2288.77,21.13
6890.459,4.182,3.298,13.733,71.31,30.15,2288.77,21.13
6897.411,4.184,3.298,13.733,71.44,30.15,2288.78,21.13
6906.367,4.189,3.298,13.733,71.61,30.20,2288.76,21.15
6913.316,4.191,3.298,13.779,71.74,30.15,2288.76,21.15
6920.276,4.195,3.298,13.779,71.87,30.15,2288.77,21.14
6927.242,4.198,3.298,13.779,72.00,30.10,2288.76,21.11
6934.180,4.195,3.243,13.550,72.13,30.10,2288.77,21.12
6941.149,4.198,3.204,13.413,72.25,30.10,2288.75,21.12
6948.094,4.198,3.168,13.229,72.38,30.10,2288.77,21.06
6957.042,4.198,3.124,13.046,72.54,30.05,2288.74,21.09
6964.975,4.198,3.085,12.909,72.68,30.05,2288.75,21.13
6971.936,4.198,3.056,12.772,72.80,30.05,2288.75,21.12
6980.882,4.195,3.017,12.589,72.96,30.05,2288.75,21.13
6988.845,4.198,2.985,12.451,73.09,30.05,2288.75,21.13
6995.786,4.195,2.962,12.360,73.21,30.00,2288.73,21.11
7002.774,4.195,2.939,12.268,73.33,30.00,2288.75,21.10
7009.688,4.195,2.914,12.177,73.44,30.00,2288.75,21.10
7016.645,4.195,2.889,12.085,73.56,29.95,2288.75,21.09
7023.594,4.198,2.863,11.948,73.67,29.95,2288.74,21.08
7030.550,4.198,2.840,11.856,73.78,29.90,2288.74,21.09
7037.510,4.198,2.818,11.765,73.89,29.90,2288.72,21.08
7044.452,4.195,2.797,11.673,74.01,29.95,2288.73,21.10
7051.423,4.195,2.774,11.582,74.12,29.95,2288.72,21.09
7058.380,4.198,2.753,11.490,74.22,29.95,2288.73,21.12
7065.318,4.195,2.731,11.398,74.33,29.95,2288.72,21.10
7072.265,4.198,2.712,11.307,74.44,29.95,2288.73,21.08
7081.234,4.198,2.685,11.215,74.58,29.95,2288.72,21.08
7088.190,4.198,2.669,11.124,74.68,30.00,2288.72,21.07
7097.121,4.198,2.641,11.032,74.82,30.05,2288.72,21.05
7104.092,4.195,2.621,10.941,74.92,30.05,2288.71,21.03
7111.034,4.195,2.600,10.849,75.03,30.05,2288.72,21.03
7118.012,4.195,2.582,10.758,75.13,30.05,2288.72,21.03
7124.922,4.195,2.563,10.712,75.23,30.05,2288.72,21.05
7131.896,4.195,2.543,10.620,75.33,30.00,2288.72,21.05
7138.833,4.195,2.525,10.529,75.43,29.95,2288.72,21.05
7145.781,4.195,2.506,10.483,75.53,29.90,2288.72,21.06
7152.750,4.198,2.490,10.391,75.63,29.90,2288.72,21.07
7159.692,4.198,2.470,10.300,75.73,29.90,2288.72,21.10
7166.651,4.198,2.454,10.254,75.82,29.90,2288.72,21.11
7173.619,4.195,2.435,10.162,75.92,29.90,2288.73,21.12
7180.540,4.195,2.419,10.117,76.02,29.85,2288.73,21.12
7187.545,4.195,2.403,10.025,76.11,29.90,2288.72,21.12
7194.480,4.198,2.385,9.934,76.21,29.95,2288.71,21.11
7201.433,4.198,2.367,9.888,76.30,29.95,2288.72,21.10
7208.389,4.198,2.353,9.796,76.39,29.95,2288.72,21.10
7217.332,4.195,2.330,9.705,76.51,30.00,2288.72,21.10
7224.268,4.198,2.316,9.659,76.60,30.05,2288.72,21.10
7231.226,4.195,2.298,9.567,76.70,30.05,2288.71,21.09
7238.196,4.195,2.282,9.522,76.79,30.05,2288.72,21.05
7245.148,4.198,2.271,9.476,76.88,30.05,2288.72,21.06
7252.100,4.198,2.250,9.384,76.97,30.05,2288.72,21.07
7259.071,4.195,2.238,9.338,77.05,30.10,2288.71,21.07
7266.002,4.198,2.225,9.293,77.14,30.10,2288.70,21.07
7272.953,4.198,2.209,9.201,77.23,30.10,2288.71,21.05
7279.915,4.198,2.195,9.155,77.32,30.10,2288.72,21.07
7286.892,4.198,2.181,9.110,77.40,30.10,2288.73,21.10
7293.822,4.198,2.165,9.018,77.49,30.15,2288.70,21.08
7300.796,4.198,2.152,8.972,77.57,30.15,2288.70,21.09
7307.757,4.198,2.138,8.926,77.66,30.15,2288.70,21.10
7314.723,4.195,2.124,8.835,77.74,30.10,2288.69,21.12
7323.672,4.198,2.108,8.789,77.85,30.00,2288.69,21.14
7330.628,4.198,2.094,8.743,77.93,30.00,2288.69,21.14
7337.564,4.195,2.081,8.652,78.02,30.00,2288.70,21.14
7344.515,4.198,2.067,8.606,78.10,30.00,2288.70,21.14
7351.490,4.198,2.053,8.560,78.18,30.00,2288.71,21.13
7358.436,4.198,2.039,8.514,78.26,30.00,2288.67,21.08
7365.393,4.195,2.028,8.469,78.34,30.00,2288.69,21.08
7372.342,4.198,2.016,8.423,78.42,30.05,2288.69,21.11
7379.268,4.195,2.003,8.331,78.50,30.05,2288.68,21.10
7386.247,4.195,1.989,8.286,78.58,30.00,2288.68,21.09
7393.194,4.198,1.980,8.240,78.66,30.00,2288.68,21.07
7400.152,4.198,1.968,8.194,78.74,29.95,2288.69,21.06
7407.101,4.195,1.957,8.148,78.81,29.95,2288.67,21.06
7414.081,4.195,1.946,8.102,78.89,29.90,2288.67,21.05
7421.001,4.195,1.934,8.057,78.97,29.90,2288.69,21.05
7427.949,4.195,1.923,8.011,79.04,29.90,2288.67,21.03
7434.902,4.198,1.911,7.965,79.12,29.90,2288.69,21.06
7441.880,4.195,1.900,7.919,79.19,29.90,2288.67,21.07
7448.847,4.195,1.888,7.874,79.27,29.85,2288.67,21.07
7455.780,4.198,1.879,7.828,79.34,29.85,2288.66,21.07
7462.745,4.195,1.868,7.782,79.42,29.85,2288.68,21.04
7469.691,4.198,1.856,7.736,79.49,29.85,2288.68,21.04
7476.640,4.195,1.847,7.690,79.56,29.95,2288.68,21.03
7485.574,4.198,1.838,7.645,79.66,29.95,2288.67,21.02
7493.574,4.195,1.824,7.599,79.74,29.95,2288.66,21.04
7500.514,4.195,1.815,7.553,79.81,30.00,2288.67,21.03
7509.466,4.195,1.804,7.507,79.91,30.00,2288.68,21.02
7517.420,4.195,1.794,7.462,79.99,30.00,2288.67,21.01
7524.371,4.195,1.781,7.416,80.06,30.05,2288.67,21.02
7965.505,4.195,2.383,9.934,80.06,30.00,2288.58,21.04
7973.036,4.198,2.271,9.476,80.15,30.00,2288.58,21.04
7980.006,4.195,2.202,9.155,80.24,30.00,2288.58,21.01
7986.966,4.198,2.147,8.926,80.33,30.00,2288.58,21.01
7993.913,4.198,2.103,8.743,80.41,30.00,2288.58,21.00
8000.869,4.198,2.062,8.606,80.49,30.00,2288.58,21.00
8009.803,4.195,2.016,8.423,80.60,30.00,2288.57,20.98
8017.759,4.198,1.982,8.240,80.69,30.00,2288.56,21.01
8024.732,4.198,1.950,8.148,80.77,30.00,2288.57,21.01
8031.674,4.198,1.927,8.011,80.84,30.00,2288.58,21.01
8038.644,4.198,1.902,7.919,80.92,30.00,2288.59,21.02
8045.566,4.195,1.879,7.828,80.99,30.00,2288.57,21.02
8052.518,4.195,1.859,7.736,81.07,30.00,2288.57,21.04
8059.501,4.198,1.838,7.645,81.14,30.00,2288.57,21.03
8066.455,4.195,1.817,7.553,81.21,30.00,2288.56,21.05
8073.406,4.195,1.801,7.507,81.28,30.00,2288.57,21.05
8080.345,4.195,1.785,7.416,81.35,29.95,2288.56,21.03
8087.315,4.195,1.769,7.370,81.43,29.90,2288.57,21.01
8094.253,4.195,1.753,7.278,81.49,29.90,2288.56,21.00
8101.210,4.198,1.737,7.233,81.56,29.90,2288.56,21.01
8108.169,4.198,1.723,7.187,81.63,29.90,2288.57,21.02
8115.148,4.195,1.712,7.141,81.70,29.90,2288.57,21.02
8122.074,4.195,1.698,7.050,81.77,29.85,2288.56,21.03
8129.022,4.195,1.685,7.004,81.83,29.85,2288.56,21.04
8135.978,4.198,1.673,6.958,81.90,29.90,2288.57,21.02
8142.929,4.195,1.662,6.912,81.97,29.95,2288.56,21.01
8149.863,4.198,1.653,6.867,82.03,30.10,2288.54,21.01
8156.843,4.195,1.643,6.821,82.10,30.15,2288.54,21.00
8163.809,4.195,1.634,6.821,82.16,30.15,2288.55,21.00
8170.721,4.195,1.625,6.775,82.23,30.15,2288.55,20.99
8179.671,4.195,1.611,6.683,82.31,30.20,2288.55,20.98
8186.631,4.195,1.604,6.683,82.37,30.20,2288.54,20.98
8193.572,4.195,1.598,6.638,82.43,30.20,2288.53,20.98
8200.545,4.198,1.591,6.638,82.50,30.20,2288.54,20.97
8207.475,4.195,1.582,6.592,82.56,30.20,2288.54,20.97
8214.449,4.198,1.575,6.546,82.62,30.15,2288.55,20.99
8221.399,4.195,1.566,6.500,82.69,30.15,2288.53,20.99
8228.360,4.195,1.561,6.500,82.75,30.10,2288.54,20.98
8235.284,4.195,1.556,6.455,82.81,30.05,2288.54,21.01
8242.274,4.195,1.550,6.455,82.87,29.95,2288.53,21.01
8249.206,4.195,1.543,6.409,82.93,29.90,2288.53,21.02
8256.160,4.198,1.538,6.409,82.99,29.90,2288.53,21.02
8263.099,4.198,1.534,6.363,83.05,29.90,2288.53,21.04
8272.083,4.195,1.524,6.317,83.13,29.90,2288.54,21.04
8280.004,4.198,1.520,6.317,83.20,29.90,2288.55,21.01
8286.949,4.195,1.515,6.317,83.26,29.95,2288.53,21.02
8293.929,4.198,1.511,6.271,83.32,29.95,2288.54,21.00
8302.865,4.195,1.504,6.271,83.40,29.95,2288.55,21.02
8309.799,4.195,1.499,6.226,83.45,30.00,2288.54,21.03
8316.765,4.195,1.497,6.226,83.51,30.00,2288.54,20.99
8323.741,4.198,1.492,6.180,83.57,30.00,2288.54,20.99
8330.672,4.195,1.488,6.180,83.63,30.00,2288.53,20.98
8337.624,4.195,1.483,6.180,83.69,29.95,2288.54,20.98
8344.566,4.195,1.479,6.134,83.75,29.95,2288.53,21.00
8351.525,4.195,1.476,6.134,83.81,29.90,2288.53,21.01
8358.469,4.195,1.472,6.134,83.87,29.90,2288.53,21.00
8367.478,4.198,1.469,6.088,83.94,29.95,2288.53,21.00
8375.404,4.198,1.467,6.088,84.01,30.00,2288.51,20.99
8382.326,4.195,1.460,6.088,84.06,30.10,2288.53,21.00
8389.283,4.198,1.458,6.043,84.12,30.10,2288.52,21.00
8396.242,4.195,1.456,6.043,84.18,30.10,2288.52,20.99
8403.186,4.195,1.453,6.043,84.24,30.10,2288.53,20.98
8410.169,4.195,1.453,6.043,84.29,30.10,2288.54,21.00
8417.126,4.195,1.449,6.043,84.35,30.10,2288.52,20.99
8424.062,4.198,1.444,5.997,84.41,30.10,2288.52,21.00
8431.009,4.195,1.444,5.997,84.47,30.05,2288.52,21.02
8437.968,4.198,1.440,5.997,84.52,30.05,2288.52,21.03
8444.916,4.195,1.435,5.951,84.58,30.05,2288.52,21.01
8451.867,4.198,1.435,5.951,84.64,30.10,2288.52,20.98
8458.825,4.198,1.431,5.951,84.69,30.10,2288.52,21.00
8465.789,4.195,1.428,5.951,84.75,30.05,2288.51,21.03
8472.734,4.195,1.424,5.905,84.81,30.00,2288.52,21.02
8479.683,4.198,1.421,5.905,84.86,30.00,2288.51,21.00
8486.632,4.195,1.419,5.905,84.92,30.00,2288.51,20.99
8493.580,4.195,1.414,5.859,84.97,30.00,2288.51,21.00
8500.556,4.195,1.414,5.859,85.03,30.00,2288.49,20.98
8507.491,4.195,1.412,5.859,85.09,30.00,2288.51,20.96
8516.437,4.198,1.410,5.859,85.16,30.00,2288.52,20.98
8524.377,4.195,1.405,5.859,85.22,29.95,2288.50,21.01
8531.345,4.195,1.401,5.814,85.28,29.95,2288.50,21.03
8538.285,4.195,1.401,5.814,85.33,29.95,2288.51,21.03
8545.254,4.195,1.398,5.814,85.39,30.00,2288.50,21.04
8554.206,4.195,1.396,5.814,85.46,30.00,2288.51,21.00
8562.160,4.195,1.392,5.768,85.52,29.95,2288.51,21.03
8569.077,4.198,1.392,5.768,85.58,29.90,2288.51,21.05
8576.066,4.195,1.389,5.768,85.63,29.85,2288.50,21.04
8582.983,4.195,1.385,5.768,85.69,29.85,2288.50,21.02
8589.950,4.198,1.382,5.722,85.74,29.90,2288.51,21.03
8596.891,4.198,1.382,5.722,85.80,29.90,2288.49,21.01
8605.850,4.198,1.380,5.722,85.87,29.90,2288.50,21.01
8613.792,4.195,1.378,5.722,85.93,29.95,2288.50,20.99
8620.772,4.198,1.373,5.722,85.98,29.95,2288.50,20.99
8627.721,4.195,1.373,5.722,86.04,30.00,2288.49,21.01
8634.648,4.198,1.369,5.676,86.09,30.00,2288.49,21.02
8641.637,4.195,1.369,5.676,86.15,29.95,2288.50,21.04
8648.584,4.198,1.364,5.676,86.20,29.95,2288.49,21.04
8655.520,4.198,1.364,5.676,86.25,29.95,2288.49,21.03
8662.475,4.195,1.362,5.676,86.31,29.95,2288.50,21.04
8669.447,4.195,1.362,5.631,86.36,29.95,2288.49,21.03
8676.416,4.195,1.357,5.631,86.41,30.05,2288.50,20.99
8683.337,4.195,1.353,5.631,86.47,30.10,2288.49,20.99
8690.304,4.195,1.350,5.631,86.52,30.10,2288.49,21.00
8697.273,4.195,1.350,5.585,86.57,30.10,2288.50,20.99
8704.180,4.195,1.350,5.585,86.63,30.10,2288.49,20.98
8711.153,4.195,1.346,5.585,86.68,30.10,2288.49,20.98
8718.108,4.195,1.344,5.585,86.73,30.10,2288.48,20.97
8725.049,4.195,1.344,5.585,86.79,30.10,2288.49,20.95
8732.022,4.198,1.339,5.539,86.84,30.10,2288.48,20.97
8738.969,4.195,1.339,5.539,86.89,30.10,2288.46,20.98
8745.934,4.195,1.337,5.539,86.95,30.05,2288.46,21.00
8752.883,4.195,1.337,5.539,87.00,30.05,2288.46,21.00
8759.824,4.198,1.334,5.539,87.05,30.00,2288.46,21.02
8768.788,4.195,1.328,5.493,87.12,30.00,2288.44,21.01
8776.730,4.198,1.328,5.493,87.18,30.00,2288.44,21.02
8785.692,4.195,1.325,5.493,87.25,30.00,2288.43,21.01
8792.630,4.198,1.323,5.493,87.30,29.95,2288.43,21.01
8799.606,4.198,1.321,5.493,87.35,29.95,2288.43,21.01
8806.536,4.195,1.318,5.493,87.40,29.95,2288.43,21.03
8813.502,4.198,1.318,5.493,87.46,29.95,2288.44,21.01
8820.452,4.198,1.314,5.447,87.51,29.95,2288.41,21.01
8827.391,4.195,1.312,5.447,87.56,29.95,2288.42,21.03
8834.370,4.195,1.312,5.447,87.61,29.95,2288.41,21.02
8841.298,4.195,1.309,5.447,87.66,29.95,2288.42,21.01
8848.277,4.198,1.305,5.402,87.71,29.95,2288.41,20.98
8855.217,4.198,1.305,5.402,87.77,29.95,2288.40,21.00
8862.189,4.198,1.305,5.402,87.82,30.00,2288.40,21.00
8869.158,4.195,1.300,5.402,87.87,30.00,2288.38,21.01
8878.077,4.195,1.298,5.402,87.94,30.00,2288.38,21.03
8885.035,4.195,1.295,5.356,87.99,30.00,2288.37,21.02
8891.984,4.195,1.293,5.356,88.04,30.00,2288.37,21.03
8898.933,4.198,1.291,5.356,88.09,30.00,2288.36,21.06
8907.895,4.195,1.286,5.356,88.15,29.90,2288.37,21.08
8915.861,4.195,1.286,5.356,88.21,29.90,2288.35,21.04
8924.798,4.195,1.282,5.310,88.28,29.90,2288.33,21.05
8931.738,4.195,1.284,5.310,88.33,29.90,2288.33,21.03
8940.697,4.195,1.277,5.310,88.39,29.85,2288.33,21.05
8947.677,4.198,1.275,5.310,88.44,29.85,2288.32,21.06
8954.593,4.195,1.273,5.264,88.49,29.80,2288.32,21.06
8961.541,4.195,1.273,5.264,88.54,29.80,2288.31,21.00
8968.508,4.198,1.270,5.264,88.60,29.85,2288.33,21.00
8975.475,4.195,1.268,5.264,88.65,29.90,2288.30,20.98
8982.403,4.198,1.266,5.264,88.70,29.95,2288.29,20.99
8989.381,4.198,1.263,5.219,88.75,30.00,2288.28,20.97
8996.309,4.195,1.261,5.219,88.79,30.05,2288.29,20.98
9005.298,4.195,1.259,5.219,88.86,30.10,2288.29,20.99
9013.244,4.195,1.254,5.219,88.92,30.10,2288.28,20.99
9020.192,4.195,1.254,5.219,88.97,30.10,2288.26,20.97
9027.161,4.198,1.254,5.219,89.02,30.10,2288.28,20.94
9034.100,4.198,1.252,5.219,89.06,30.05,2288.27,20.95
9041.037,4.198,1.250,5.173,89.11,30.05,2288.27,20.91
9048.007,4.195,1.250,5.173,89.16,30.05,2288.25,20.91
9054.982,4.198,1.247,5.173,89.21,30.10,2288.26,20.92
9061.904,4.195,1.243,5.173,89.26,30.15,2288.25,20.92
9068.864,4.195,1.243,5.173,89.31,30.15,2288.24,20.93
9077.802,4.195,1.238,5.127,89.37,30.15,2288.25,20.93
9084.754,4.195,1.238,5.127,89.42,30.10,2288.23,20.92
9091.715,4.195,1.236,5.127,89.47,30.05,2288.22,20.91
9100.679,4.198,1.234,5.127,89.53,30.00,2288.23,20.91
9108.604,4.195,1.231,5.081,89.59,30.00,2288.23,20.91
9115.578,4.195,1.229,5.081,89.64,30.00,2288.22,20.93
9122.536,4.195,1.227,5.081,89.69,30.00,2288.22,20.92
9129.462,4.198,1.225,5.081,89.74,30.00,2288.22,20.91
9136.417,4.195,1.222,5.081,89.78,30.00,2288.22,20.90
9143.367,4.195,1.220,5.035,89.83,30.00,2288.22,20.91
9150.328,4.195,1.218,5.035,89.88,30.00,2288.21,20.95
9157.286,4.198,1.215,5.035,89.93,30.00,2288.21,20.94
9164.240,4.195,1.211,5.035,89.98,30.00,2288.22,20.93
9171.205,4.198,1.209,4.990,90.02,30.00,2288.21,20.94
9611.919,4.198,1.744,7.278,90.02,30.10,2288.23,20.83
9619.854,4.195,1.655,6.867,90.10,30.10,2288.22,20.84
9626.824,4.195,1.611,6.683,90.17,30.05,2288.22,20.87
9633.774,4.198,1.575,6.546,90.23,30.05,2288.22,20.85
9640.725,4.195,1.545,6.409,90.29,29.95,2288.21,20.86
9647.688,4.198,1.517,6.317,90.35,29.95,2288.22,20.84
9654.624,4.195,1.497,6.226,90.41,29.90,2288.21,20.85
9661.574,4.198,1.472,6.134,90.47,29.95,2288.23,20.86
9668.538,4.198,1.453,6.043,90.53,30.00,2288.23,20.86
9675.480,4.195,1.440,5.997,90.58,30.00,2288.23,20.88
9682.456,4.198,1.424,5.905,90.64,29.95,2288.24,20.88
9689.398,4.195,1.405,5.859,90.70,29.90,2288.23,20.89
9696.361,4.198,1.394,5.768,90.75,29.90,2288.24,20.91
9705.305,4.195,1.378,5.722,90.82,29.95,2288.23,20.88
9712.251,4.198,1.366,5.676,90.88,29.95,2288.22,20.89
9719.214,4.195,1.353,5.631,90.93,30.00,2288.24,20.87
9726.154,4.195,1.341,5.585,90.98,30.00,2288.24,20.86
9733.107,4.195,1.332,5.539,91.04,30.10,2288.24,20.87
9740.111,4.195,1.321,5.493,91.09,30.15,2288.24,20.90
9747.047,4.195,1.312,5.447,91.14,30.20,2288.25,20.90
9754.005,4.195,1.302,5.402,91.19,30.20,2288.24,20.89
9760.941,4.198,1.293,5.356,91.24,30.15,2288.24,20.87
9767.889,4.195,1.284,5.310,91.29,30.10,2288.24,20.86
9774.872,4.198,1.275,5.310,91.34,30.10,2288.24,20.86
9781.814,4.195,1.268,5.264,91.40,30.05,2288.26,20.87
9788.785,4.198,1.259,5.219,91.45,29.95,2288.24,20.89
9795.711,4.198,1.250,5.173,91.49,29.95,2288.25,20.89
9802.655,4.195,1.245,5.173,91.54,29.95,2288.25,20.89
9809.624,4.195,1.236,5.127,91.59,29.95,2288.27,20.86
9816.556,4.195,1.229,5.081,91.64,29.95,2288.25,20.88
9823.518,4.198,1.225,5.081,91.69,29.95,2288.25,20.89
9830.468,4.198,1.218,5.035,91.74,29.95,2288.25,20.88
9837.444,4.195,1.209,4.990,91.79,29.95,2288.26,20.89
9844.378,4.195,1.202,4.990,91.83,29.90,2288.26,20.88
9851.350,4.198,1.195,4.944,91.88,29.90,2288.27,20.88
9858.280,4.195,1.190,4.944,91.93,29.90,2288.25,20.85
9865.242,4.195,1.181,4.898,91.98,30.00,2288.26,20.85
9872.213,4.198,1.176,4.852,92.02,30.00,2288.25,20.87
9879.154,4.198,1.172,4.852,92.07,30.00,2288.27,20.83
9886.106,4.195,1.165,4.807,92.11,30.00,2288.27,20.83
9893.087,4.198,1.160,4.807,92.16,30.00,2288.28,20.82
9900.015,4.195,1.158,4.807,92.21,30.05,2288.27,20.82
9906.993,4.195,1.149,4.761,92.25,30.05,2288.29,20.80
9913.917,4.195,1.144,4.761,92.30,30.05,2288.29,20.77
9920.893,4.195,1.140,4.715,92.34,30.10,2288.29,20.77
9927.828,4.195,1.133,4.715,92.39,30.10,2288.29,20.80
9936.809,4.198,1.128,4.669,92.44,30.00,2288.31,20.79
9944.731,4.195,1.122,4.623,92.50,30.00,2288.31,20.77
9951.677,4.195,1.117,4.623,92.54,29.95,2288.32,20.80
9958.684,4.195,1.112,4.623,92.58,29.95,2288.32,20.83
9965.618,4.198,1.106,4.578,92.63,29.90,2288.33,20.82
9974.543,4.198,1.101,4.578,92.68,29.90,2288.33,20.81
9981.495,4.198,1.096,4.532,92.73,29.90,2288.33,20.79
9988.471,4.198,1.092,4.532,92.77,29.90,2288.35,20.80
9995.403,4.195,1.085,4.486,92.81,29.95,2288.36,20.79
10002.347,4.195,1.078,4.486,92.86,30.00,2288.37,20.79
10009.313,4.195,1.076,4.440,92.90,30.00,2288.36,20.80
10016.290,4.195,1.073,4.440,92.94,30.10,2288.36,20.80
10023.233,4.198,1.067,4.395,92.98,30.10,2288.38,20.80
10032.191,4.198,1.064,4.395,93.04,30.10,2288.40,20.78
10040.104,4.198,1.060,4.395,93.09,30.15,2288.39,20.77
10047.058,4.195,1.055,4.349,93.13,30.15,2288.41,20.78
10054.010,4.198,1.051,4.349,93.17,30.10,2288.42,20.78
10060.979,4.198,1.046,4.303,93.21,30.00,2288.42,20.81
10067.924,4.198,1.041,4.303,93.25,29.90,2288.43,20.79
10074.884,4.195,1.037,4.303,93.29,29.85,2288.44,20.80
10081.845,4.198,1.032,4.257,93.33,29.85,2288.45,20.80
10088.782,4.198,1.028,4.257,93.37,29.85,2288.45,20.80
10095.754,4.198,1.023,4.257,93.41,29.85,2288.47,20.82
10102.692,4.195,1.021,4.211,93.46,29.90,2288.47,20.81
10109.654,4.198,1.016,4.211,93.50,29.95,2288.48,20.80
10116.594,4.195,1.014,4.211,93.54,30.05,2288.49,20.79
10123.566,4.195,1.007,4.166,93.58,30.05,2288.49,20.80
10130.499,4.198,1.003,4.166,93.61,30.10,2288.51,20.81
10137.469,4.198,1.003,4.120,93.65,30.10,2288.52,20.79
10144.437,4.195,0.996,4.120,93.69,30.15,2288.54,20.77
10151.399,4.195,0.993,4.120,93.73,30.15,2288.54,20.79
10158.335,4.195,0.986,4.074,93.77,30.15,2288.55,20.79
10165.306,4.195,0.984,4.074,93.81,30.15,2288.56,20.81
10172.234,4.195,0.982,4.074,93.85,30.10,2288.56,20.82
10179.197,4.198,0.977,4.028,93.89,30.05,2288.57,20.83
10186.135,4.198,0.973,4.028,93.93,30.00,2288.59,20.82
10193.106,4.195,0.970,4.028,93.97,30.00,2288.58,20.78
10200.071,4.198,0.966,3.983,94.00,30.05,2288.60,20.80
10207.031,4.198,0.959,3.983,94.04,30.05,2288.61,20.80
10213.982,4.195,0.957,3.937,94.08,30.05,2288.61,20.79
10220.932,4.198,0.954,3.937,94.12,30.05,2288.62,20.80
10227.867,4.195,0.950,3.937,94.16,30.05,2288.63,20.80
10234.833,4.198,0.945,3.891,94.19,30.05,2288.64,20.80
10241.814,4.195,0.943,3.891,94.23,30.05,2288.66,20.79
10248.744,4.198,0.938,3.891,94.27,30.10,2288.65,20.80
10255.698,4.198,0.934,3.845,94.30,30.10,2288.66,20.80
10262.632,4.195,0.929,3.845,94.34,30.10,2288.67,20.79
10269.598,4.195,0.927,3.845,94.38,30.10,2288.68,20.81
10276.540,4.195,0.918,3.799,94.41,30.10,2288.68,20.83
10283.500,4.198,0.918,3.799,94.45,30.10,2288.69,20.81
10290.446,4.198,0.913,3.754,94.49,30.10,2288.70,20.83
10297.417,4.195,0.909,3.754,94.52,30.00,2288.71,20.83
10304.429,4.195,0.904,3.754,94.56,30.00,2288.70,20.84
10311.344,4.198,0.902,3.708,94.59,30.00,2288.71,20.84
10318.296,4.195,0.897,3.708,94.63,29.95,2288.73,20.84
10325.274,4.195,0.895,3.708,94.67,29.95,2288.73,20.85
10332.200,4.198,0.886,3.662,94.70,29.95,2288.72,20.85
10339.166,4.198,0.886,3.662,94.74,29.95,2288.74,20.84
10346.114,4.195,0.881,3.662,94.77,29.95,2288.75,20.84
10353.101,4.198,0.877,3.616,94.81,29.95,2288.75,20.84
10360.055,4.198,0.872,3.616,94.84,29.95,2288.75,20.84
10367.019,4.198,0.867,3.571,94.87,29.95,2288.76,20.84
10373.963,4.198,0.865,3.571,94.91,29.95,2288.76,20.85
10380.899,4.198,0.856,3.525,94.94,29.85,2288.78,20.87
10387.869,4.195,0.856,3.525,94.98,29.85,2288.78,20.86
10394.813,4.195,0.851,3.525,95.01,29.75,2288.78,20.87
10401.765,4.195,0.849,3.525,95.04,29.80,2288.78,20.86
10408.704,4.198,0.842,3.479,95.08,29.90,2288.78,20.84
10415.672,4.195,0.840,3.479,95.11,30.00,2288.80,20.86
10422.636,4.195,0.835,3.433,95.14,30.05,2288.79,20.86
10429.598,4.198,0.831,3.433,95.18,30.05,2288.81,20.87
10436.547,4.195,0.826,3.387,95.21,30.10,2288.81,20.88
10443.509,4.198,0.822,3.387,95.24,30.10,2288.82,20.89
10450.450,4.198,0.819,3.387,95.27,30.10,2288.81,20.88
10457.443,4.198,0.813,3.342,95.31,30.15,2288.83,20.91
10466.373,4.198,0.810,3.342,95.35,30.15,2288.82,20.93
10473.324,4.198,0.806,3.342,95.38,30.15,2288.83,20.93
10480.263,4.198,0.801,3.296,95.41,30.15,2288.84,20.92
10487.224,4.198,0.799,3.296,95.44,30.15,2288.82,20.94
10494.177,4.198,0.792,3.250,95.47,30.15,2288.85,20.94
10501.124,4.198,0.792,3.250,95.51,30.05,2288.85,20.97
10508.083,4.195,0.785,3.250,95.54,30.05,2288.84,20.95
10515.051,4.195,0.780,3.204,95.57,29.85,2288.86,20.94
10521.982,4.195,0.780,3.204,95.60,29.85,2288.84,20.92
10528.932,4.195,0.774,3.204,95.63,29.85,2288.87,20.94
10535.922,4.195,0.769,3.159,95.66,29.85,2288.88,20.94
10542.839,4.195,0.764,3.159,95.69,29.85,2288.88,20.92
10549.797,4.195,0.762,3.159,95.72,29.95,2288.86,20.93
10556.755,4.195,0.760,3.113,95.75,29.95,2288.88,20.92
10563.730,4.195,0.753,3.113,95.78,29.95,2288.89,20.94
10570.647,4.198,0.748,3.067,95.81,29.95,2288.88,20.92
10577.615,4.198,0.746,3.067,95.84,29.95,2288.89,20.94
10584.590,4.198,0.742,3.067,95.87,29.95,2288.89,20.92
10591.527,4.198,0.739,3.021,95.90,29.95,2288.89,20.96
10598.513,4.195,0.732,3.021,95.93,29.95,2288.89,20.96
10605.430,4.195,0.728,2.975,95.96,29.90,2288.89,20.95
10612.385,4.198,0.723,2.975,95.98,29.90,2288.89,20.94
10619.383,4.195,0.721,2.975,96.01,29.90,2288.89,20.93
10626.344,4.195,0.719,2.930,96.04,29.95,2288.88,20.93
10633.259,4.195,0.714,2.930,96.07,29.95,2288.88,20.94
10640.215,4.195,0.710,2.930,96.10,29.95,2288.89,20.92
10647.182,4.195,0.703,2.884,96.13,30.00,2288.90,20.93
10654.138,4.195,0.703,2.884,96.15,30.10,2288.90,20.92
10661.067,4.195,0.696,2.838,96.18,30.10,2288.91,20.96
10668.031,4.195,0.691,2.838,96.21,30.10,2288.89,20.95
10674.974,4.195,0.689,2.838,96.24,30.10,2288.90,20.94
10681.970,4.195,0.682,2.792,96.26,30.10,2288.90,20.92
10688.901,4.195,0.682,2.792,96.29,30.10,2288.92,20.92
10695.856,4.198,0.675,2.792,96.32,30.10,2288.90,20.91
10702.807,4.198,0.673,2.747,96.34,30.10,2288.91,20.91
10709.767,4.195,0.668,2.747,96.37,30.10,2288.91,20.89
10716.744,4.198,0.664,2.747,96.40,30.10,2288.90,20.91
10723.697,4.198,0.659,2.701,96.42,30.10,2288.91,20.90
10730.647,4.195,0.655,2.701,96.45,30.05,2288.90,20.91
10737.578,4.195,0.650,2.655,96.47,30.00,2288.91,20.90
10744.540,4.198,0.645,2.655,96.50,29.90,2288.90,20.93
10751.503,4.195,0.643,2.655,96.53,29.90,2288.91,20.93
10758.449,4.195,0.639,2.609,96.55,29.85,2288.92,20.93
10765.402,4.198,0.634,2.609,96.58,29.85,2288.91,20.92
10772.366,4.195,0.632,2.609,96.60,29.85,2288.91,20.92
10781.315,4.195,0.627,2.563,96.63,29.85,2288.91,20.91
10789.254,4.195,0.623,2.563,96.66,29.85,2288.92,20.93
10798.193,4.195,0.616,2.518,96.69,29.85,2288.92,20.92
10805.157,4.198,0.611,2.518,96.72,29.85,2288.92,20.93
10812.102,4.195,0.609,2.472,96.74,29.90,2288.92,20.93
10819.054,4.195,0.602,2.472,96.76,29.95,2288.92,20.94
10825.996,4.195,0.600,2.472,96.79,30.00,2288.91,20.96
10832.971,4.195,0.595,2.426,96.81,30.00,2288.93,20.99
10839.899,4.198,0.593,2.426,96.84,30.00,2288.92,20.98
10846.880,4.198,0.588,2.426,96.86,30.05,2288.92,20.97
10853.818,4.195,0.584,2.380,96.88,30.05,2288.90,20.95
10860.777,4.195,0.579,2.380,96.91,30.20,2288.92,20.93
10867.729,4.195,0.574,2.335,96.93,30.15,2288.92,20.93
10874.685,4.195,0.570,2.335,96.95,30.20,2288.92,20.97
10881.614,4.195,0.570,2.335,96.97,30.20,2288.91,21.00
10888.571,4.195,0.563,2.289,97.00,30.15,2288.90,21.02
10895.539,4.195,0.561,2.289,97.02,30.10,2288.93,21.04
10902.488,4.195,0.556,2.289,97.04,30.10,2288.91,21.02
10909.438,4.195,0.554,2.243,97.06,30.10,2288.90,20.99
10916.396,4.195,0.547,2.243,97.08,30.15,2288.90,20.99
10923.365,4.195,0.540,2.197,97.10,30.15,2288.90,20.97
10930.298,4.195,0.540,2.197,97.13,30.15,2288.92,20.99
10937.245,4.198,0.536,2.197,97.15,30.15,2288.91,20.98
10944.217,4.195,0.533,2.152,97.17,30.10,2288.91,20.97
10951.160,4.195,0.529,2.152,97.19,30.10,2288.91,20.95
10958.114,4.198,0.524,2.152,97.21,30.10,2288.89,20.95
10965.058,4.198,0.520,2.106,97.23,30.10,2288.91,20.95
10972.022,4.198,0.510,2.106,97.25,30.10,2288.89,20.97
10978.987,4.195,0.515,2.106,97.27,30.05,2288.90,20.96
10985.927,4.198,0.508,2.060,97.29,30.05,2288.89,20.94
10992.884,4.198,0.506,2.060,97.31,30.05,2288.90,20.93
10999.827,4.198,0.499,2.060,97.33,30.00,2288.90,20.93
11006.796,4.195,0.494,2.014,97.35,30.00,2288.90,20.95
11013.740,4.198,0.492,2.014,97.37,30.00,2288.89,20.93
11020.686,4.198,0.490,2.014,97.39,30.00,2288.90,20.94
11027.664,4.195,0.485,1.968,97.41,30.00,2288.89,20.94
11036.593,4.195,0.481,1.968,97.43,29.95,2288.89,20.91
11043.579,4.195,0.476,1.923,97.45,29.95,2288.88,20.91
11050.521,4.195,0.474,1.923,97.47,29.95,2288.89,20.92
11057.459,4.195,0.471,1.923,97.49,30.00,2288.88,20.91
11064.446,4.195,0.467,1.877,97.51,30.00,2288.88,20.90
11071.381,4.195,0.462,1.877,97.53,30.00,2288.89,20.92
11078.323,4.198,0.458,1.877,97.55,30.00,2288.87,20.94
11085.293,4.198,0.455,1.831,97.56,30.00,2288.87,20.93
11092.269,4.198,0.451,1.831,97.58,30.00,2288.88,20.92
11099.201,4.195,0.446,1.831,97.60,30.00,2288.88,20.91
11106.156,4.198,0.442,1.785,97.62,30.00,2288.89,20.91
11113.109,4.198,0.439,1.785,97.63,30.00,2288.88,20.90
11120.039,4.198,0.435,1.785,97.65,30.00,2288.87,20.89
11127.014,4.198,0.433,1.740,97.67,29.90,2288.88,20.91
11133.992,4.198,0.430,1.740,97.69,29.80,2288.86,20.91
11140.915,4.198,0.426,1.740,97.70,29.80,2288.88,20.90
11147.891,4.195,0.421,1.694,97.72,29.80,2288.86,20.91
11154.854,4.195,0.419,1.694,97.74,29.80,2288.88,20.91
11161.779,4.195,0.412,1.648,97.75,29.80,2288.86,20.88
11168.727,4.195,0.412,1.694,97.77,29.85,2288.85,20.90
11175.676,4.195,0.407,1.648,97.78,29.90,2288.87,20.90
11182.669,4.195,0.405,1.648,97.80,29.95,2288.86,20.92
11189.619,4.195,0.403,1.648,97.82,30.00,2288.87,20.93
11196.563,4.195,0.398,1.602,97.83,30.00,2288.88,20.93
11203.506,4.195,0.396,1.602,97.85,30.00,2288.85,20.92
11210.501,4.195,0.391,1.602,97.86,30.00,2288.86,20.90
11217.437,4.198,0.387,1.556,97.88,30.00,2288.86,20.91
11224.401,4.198,0.385,1.556,97.89,30.00,2288.86,20.93
11231.355,4.198,0.380,1.556,97.91,29.95,2288.86,20.93
11238.333,4.195,0.378,1.511,97.92,29.95,2288.86,20.92
11245.247,4.195,0.375,1.511,97.94,29.95,2288.86,20.91
11252.188,4.198,0.371,1.511,97.95,29.95,2288.85,20.91
11259.161,4.195,0.369,1.511,97.97,29.95,2288.86,20.91
11266.098,4.198,0.366,1.465,97.98,29.90,2288.86,20.91
11273.074,4.198,0.364,1.465,98.00,29.95,2288.85,20.90
11280.016,4.198,0.362,1.465,98.01,30.00,2288.87,20.89
11286.967,4.198,0.357,1.419,98.03,30.00,2288.85,20.89
11293.929,4.195,0.357,1.419,98.04,30.05,2288.86,20.88
11300.863,4.198,0.352,1.419,98.05,30.05,2288.85,20.90
11307.849,4.195,0.348,1.419,98.07,30.05,2288.85,20.90
11314.776,4.198,0.346,1.373,98.08,30.05,2288.84,20.91
11321.740,4.195,0.343,1.373,98.10,30.05,2288.86,20.90
11328.673,4.195,0.341,1.373,98.11,30.05,2288.85,20.89
11335.657,4.195,0.336,1.328,98.12,30.10,2288.87,20.89
11342.604,4.195,0.334,1.328,98.14,30.10,2288.85,20.91
11351.538,4.198,0.330,1.328,98.15,30.10,2288.84,20.93
11358.502,4.195,0.325,1.282,98.17,30.10,2288.85,20.94
11365.466,4.195,0.323,1.282,98.18,30.10,2288.86,20.94
11374.379,4.195,0.320,1.282,98.19,30.10,2288.84,20.94
11381.379,4.195,0.309,1.236,98.21,30.00,2288.86,20.95
11388.296,4.198,0.314,1.236,98.22,29.90,2288.84,20.94
11395.265,4.195,0.309,1.236,98.23,29.80,2288.85,20.93
11402.215,4.198,0.309,1.236,98.24,29.75,2288.86,20.92
11409.186,4.198,0.304,1.236,98.26,29.75,2288.84,20.92
11416.121,4.195,0.304,1.190,98.27,29.75,2288.84,20.92
11423.062,4.198,0.300,1.190,98.28,29.75,2288.84,20.92
11430.051,4.198,0.293,1.190,98.29,29.75,2288.84,20.93
11436.981,4.195,0.293,1.190,98.30,29.80,2288.84,20.93
11443.930,4.195,0.293,1.144,98.31,29.80,2288.84,20.92
11450.872,4.198,0.291,1.144,98.33,29.95,2288.83,20.90
11457.835,4.195,0.286,1.144,98.34,29.95,2288.83,20.92
11464.775,4.198,0.284,1.144,98.35,29.95,2288.83,20.91
11471.747,4.195,0.279,1.099,98.36,29.95,2288.84,20.90
11478.712,4.198,0.277,1.099,98.37,30.00,2288.83,20.91
11485.654,4.198,0.277,1.099,98.38,30.00,2288.83,20.90
11492.602,4.195,0.272,1.099,98.39,30.05,2288.83,20.89
11499.567,4.195,0.270,1.053,98.40,30.05,2288.83,20.87
11506.504,4.195,0.268,1.053,98.41,30.05,2288.82,20.85
11513.463,4.198,0.266,1.053,98.42,30.05,2288.83,20.88
11520.405,4.195,0.261,1.053,98.44,30.05,2288.82,20.89
11527.388,4.195,0.263,1.053,98.45,30.05,2288.82,20.91
11534.314,4.195,0.261,1.053,98.46,30.05,2288.81,20.92
11541.273,4.195,0.256,1.007,98.47,30.05,2288.82,20.92
11548.251,4.195,0.254,1.007,98.48,29.95,2288.83,20.91
11555.197,4.195,0.252,1.007,98.49,29.95,2288.83,20.89
11562.148,4.198,0.249,1.007,98.50,29.95,2288.81,20.88
11569.092,4.195,0.247,0.961,98.51,29.95,2288.80,20.90
11576.049,4.195,0.247,0.961,98.52,29.95,2288.81,20.93
11582.996,4.198,0.243,0.961,98.53,29.95,2288.79,20.95
11589.977,4.198,0.240,0.961,98.54,30.05,2288.82,20.92
