Time_s,Voltage_V,Current_A,Power_W,DTB_Temp_C,TC0_Temp_C,TC1_Temp_C
8407.729,3.809,4.999,19.039,30.00,2289.80,21.88
8414.881,3.802,4.999,19.004,30.05,2289.80,21.89
8423.838,3.793,4.999,18.958,30.05,2289.80,21.88
8430.809,3.788,4.999,18.936,30.15,2289.79,21.82
8437.708,3.783,4.999,18.913,30.15,2289.78,21.82
8444.703,3.779,4.999,18.890,30.15,2289.78,21.84
8451.615,3.774,4.999,18.867,30.15,2289.78,21.87
8459.630,3.772,4.999,18.856,30.15,2289.79,21.91
8466.498,3.770,4.999,18.844,30.05,2289.80,21.91
8473.494,3.765,4.999,18.821,30.05,2289.79,21.89
8480.455,3.763,4.999,18.810,30.05,2289.79,21.90
8487.394,3.761,4.999,18.798,30.05,2289.78,21.90
8494.334,3.758,4.999,18.787,30.05,2289.78,21.90
8501.295,3.756,4.999,18.775,30.00,2289.79,21.91
8508.246,3.754,4.999,18.764,30.00,2289.79,21.92
8515.203,3.751,4.999,18.753,29.90,2289.78,21.93
8522.194,3.751,4.999,18.753,29.90,2289.78,21.92
8529.114,3.749,4.999,18.741,29.90,2289.77,21.92
8536.081,3.747,4.999,18.730,30.00,2289.78,21.94
8542.987,3.745,4.999,18.718,30.00,2289.78,21.96
8549.966,3.745,4.999,18.718,30.00,2289.79,21.97
8556.931,3.742,4.999,18.707,30.00,2289.79,21.98
8563.860,3.742,4.999,18.707,29.95,2289.79,21.99
8570.837,3.740,4.999,18.695,29.95,2289.77,21.99
8577.823,3.738,4.999,18.684,29.95,2289.77,21.98
8584.741,3.738,4.999,18.684,29.95,2289.78,21.94
8591.696,3.735,4.999,18.672,30.00,2289.78,21.87
8598.615,3.735,4.999,18.672,30.05,2289.75,21.87
8605.602,3.733,4.999,18.661,30.10,2289.79,21.88
8612.580,3.733,4.999,18.661,30.10,2289.78,21.86
8619.521,3.731,4.999,18.650,30.15,2289.78,21.90
8626.493,3.731,4.999,18.650,30.15,2289.78,21.91
8633.461,3.729,4.999,18.638,30.15,2289.77,21.90
8640.384,3.729,4.999,18.638,30.15,2289.77,21.90
8648.308,3.726,4.999,18.627,30.15,2289.78,21.93
8655.257,3.726,4.999,18.627,30.10,2289.77,21.94
8662.215,3.724,4.999,18.615,30.05,2289.76,21.94
8669.173,3.724,4.999,18.615,30.05,2289.78,21.91
8676.185,3.722,4.999,18.604,30.00,2289.77,21.87
8683.077,3.722,4.999,18.604,30.00,2289.78,21.90
8690.032,3.719,4.999,18.592,30.00,2289.77,21.91
8696.997,3.719,4.999,18.592,30.00,2289.78,21.93
8703.934,3.717,4.999,18.581,30.00,2289.78,21.91
8710.929,3.717,4.999,18.581,30.00,2289.78,21.93
8717.825,3.715,4.999,18.569,30.00,2289.77,21.94
8724.833,3.715,4.999,18.569,30.05,2289.77,21.95
8731.703,3.715,4.999,18.569,30.05,2289.76,21.93
8738.707,3.712,4.999,18.558,30.05,2289.76,21.93
8745.641,3.712,4.999,18.558,30.05,2289.78,21.95
8752.623,3.710,4.999,18.547,30.05,2289.77,21.94
8759.567,3.710,4.999,18.547,30.05,2289.76,21.92
8766.474,3.708,4.999,18.535,30.05,2289.78,21.93
8773.438,3.708,4.999,18.535,30.05,2289.77,21.95
8780.385,3.706,4.999,18.524,30.00,2289.76,21.92
8787.333,3.706,4.999,18.524,30.00,2289.77,21.91
8794.290,3.706,4.999,18.524,29.95,2289.76,21.91
8801.248,3.703,4.999,18.512,29.95,2289.77,21.92
8808.275,3.703,4.999,18.512,29.95,2289.77,21.95
8815.182,3.701,4.999,18.501,29.95,2289.75,21.95
8822.142,3.701,4.999,18.501,29.90,2289.77,21.96
8829.064,3.699,4.999,18.489,29.90,2289.75,21.94
8836.073,3.699,4.999,18.489,29.90,2289.76,21.95
8842.969,3.696,4.999,18.478,29.90,2289.76,21.95
8849.916,3.696,4.999,18.478,29.95,2289.76,21.97
8856.895,3.696,4.999,18.478,29.95,2289.76,21.95
8863.885,3.694,4.999,18.467,30.00,2289.76,21.95
8870.830,3.694,4.999,18.467,30.00,2289.75,21.94
8877.776,3.692,4.999,18.455,30.05,2289.75,21.92
8884.691,3.692,4.999,18.455,30.05,2289.76,21.92
8891.651,3.690,4.999,18.444,30.05,2289.76,21.92
8898.579,3.690,4.999,18.444,30.10,2289.74,21.89
8905.570,3.687,4.999,18.432,30.10,2289.75,21.91
8912.492,3.687,4.999,18.432,30.10,2289.73,21.93
8919.468,3.685,4.999,18.421,30.10,2289.74,21.90
8926.417,3.685,4.999,18.421,30.10,2289.74,21.94
8933.368,3.683,4.999,18.409,30.10,2289.74,21.94
8940.315,3.683,4.999,18.409,30.10,2289.76,21.95
8947.323,3.680,4.999,18.398,30.10,2289.75,21.97
8954.253,3.678,4.999,18.386,30.15,2289.74,21.95
8961.217,3.678,4.999,18.386,30.15,2289.74,21.93
8968.156,3.676,4.999,18.375,30.15,2289.74,21.90
8975.123,3.676,4.999,18.375,30.15,2289.73,21.88
8982.025,3.674,4.999,18.364,30.10,2289.73,21.91
8988.975,3.671,4.999,18.352,30.10,2289.74,21.91
8995.960,3.671,4.999,18.352,30.00,2289.74,21.94
9002.860,3.669,4.999,18.341,30.00,2289.74,21.91
9009.834,3.667,4.999,18.329,29.95,2289.75,21.92
9016.816,3.667,4.999,18.329,29.95,2289.74,21.90
9023.735,3.664,4.999,18.318,29.90,2289.74,21.91
9030.718,3.662,4.999,18.306,29.90,2289.74,21.90
9037.647,3.662,4.999,18.306,29.90,2289.74,21.89
9044.648,3.660,4.999,18.295,29.95,2289.75,21.90
9051.570,3.658,4.999,18.283,29.95,2289.75,21.90
9058.570,3.655,4.999,18.272,30.00,2289.73,21.89
9066.517,3.653,4.999,18.261,30.00,2289.75,21.91
9074.436,3.651,4.999,18.249,30.05,2289.73,21.90
9081.345,3.648,4.999,18.238,30.05,2289.75,21.90
9088.328,3.646,4.999,18.226,30.05,2289.76,21.90
9095.254,3.644,4.999,18.215,30.05,2289.75,21.89
9102.240,3.642,4.999,18.203,30.05,2289.73,21.91
9109.237,3.639,4.999,18.192,30.05,2289.74,21.91
9116.124,3.637,4.999,18.180,30.05,2289.73,21.91
9123.071,3.635,4.999,18.169,30.05,2289.73,21.90
9130.020,3.632,4.999,18.158,30.00,2289.74,21.92
9137.028,3.630,4.999,18.146,30.00,2289.74,21.91
9143.963,3.628,4.999,18.135,30.00,2289.74,21.90
9150.893,3.626,4.999,18.123,30.00,2289.73,21.89
9157.834,3.623,4.999,18.112,30.00,2289.72,21.89
9164.852,3.621,4.999,18.100,30.00,2289.72,21.90
9171.780,3.616,4.999,18.078,30.00,2289.72,21.88
9179.738,3.614,4.999,18.066,30.05,2289.73,21.92
9187.691,3.612,4.999,18.055,30.05,2289.74,21.92
9194.594,3.609,4.999,18.043,30.05,2289.73,21.92
9201.567,3.607,4.999,18.032,30.05,2289.74,21.88
9208.599,3.605,4.999,18.020,30.10,2289.73,21.88
9215.508,3.600,4.999,17.997,30.10,2289.72,21.91
9223.446,3.598,4.999,17.986,30.10,2289.72,21.89
9231.418,3.596,4.999,17.975,30.10,2289.73,21.91
9238.400,3.593,4.999,17.963,30.05,2289.73,21.92
9245.304,3.591,4.999,17.952,29.95,2289.72,21.96
9252.285,3.589,4.999,17.940,29.95,2289.71,21.94
9259.218,3.587,4.999,17.929,29.95,2289.72,21.92
9266.153,3.584,4.999,17.917,29.95,2289.72,21.92
9273.102,3.582,4.999,17.906,29.95,2289.72,21.93
9280.060,3.580,4.999,17.894,29.95,2289.71,21.93
9287.016,3.577,4.999,17.883,29.95,2289.70,21.94
9293.958,3.575,4.999,17.872,29.95,2289.71,21.92
9300.952,3.573,4.999,17.860,29.95,2289.72,21.89
9308.881,3.571,4.999,17.849,29.95,2289.71,21.92
9316.814,3.568,4.999,17.837,29.95,2289.71,21.94
9323.776,3.566,4.999,17.826,29.95,2289.70,21.95
9330.750,3.564,4.999,17.814,29.95,2289.68,21.96
9337.692,3.561,4.999,17.803,29.95,2289.69,21.96
9344.662,3.559,4.999,17.791,29.95,2289.69,21.94
9351.601,3.557,4.999,17.780,29.95,2289.70,21.94
9358.540,3.555,4.999,17.769,29.95,2289.68,21.94
9365.559,3.552,4.999,17.757,29.95,2289.69,21.93
9372.477,3.552,4.999,17.757,30.00,2289.70,21.92
9379.419,3.550,4.999,17.746,30.00,2289.68,21.94
9386.410,3.548,4.999,17.734,30.00,2289.69,21.93
9393.316,3.545,4.999,17.723,30.05,2289.68,21.93
9400.283,3.543,4.999,17.711,30.05,2289.69,21.94
9407.232,3.541,4.999,17.700,30.05,2289.69,21.92
9414.214,3.541,4.999,17.700,30.10,2289.69,21.94
9421.158,3.539,4.999,17.688,30.15,2289.67,21.90
9428.070,3.536,4.999,17.677,30.20,2289.68,21.91
9435.025,3.534,4.999,17.666,30.20,2289.66,21.91
9442.007,3.534,4.999,17.666,30.10,2289.68,21.91
9448.916,3.532,4.999,17.654,30.10,2289.67,21.91
9455.928,3.529,4.999,17.643,30.10,2289.67,21.92
9463.871,3.527,4.999,17.631,30.10,2289.68,21.91
9470.832,3.527,4.999,17.631,30.10,2289.67,21.89
9477.780,3.525,4.999,17.620,30.10,2289.67,21.88
9484.723,3.523,4.999,17.608,30.05,2289.68,21.86
9491.694,3.520,4.999,17.597,30.05,2289.68,21.84
9498.675,3.520,4.999,17.597,30.05,2289.67,21.85
9506.666,3.518,4.999,17.586,30.00,2289.66,21.87
9513.530,3.516,4.999,17.574,30.00,2289.66,21.88
9520.486,3.513,4.999,17.563,30.00,2289.67,21.86
9528.461,3.513,4.999,17.563,29.95,2289.66,21.90
9535.376,3.511,4.999,17.551,29.95,2289.65,21.92
9542.357,3.509,4.999,17.540,29.95,2289.64,21.91
9549.291,3.506,4.999,17.528,29.95,2289.66,21.89
9556.280,3.506,4.999,17.528,29.95,2289.65,21.87
9563.222,3.504,4.999,17.517,29.95,2289.64,21.87
9570.173,3.502,4.999,17.505,30.00,2289.66,21.90
9577.107,3.500,4.999,17.494,30.00,2289.65,21.88
9584.103,3.500,4.999,17.494,30.00,2289.65,21.86
9591.020,3.497,4.999,17.483,30.00,2289.65,21.87
9597.977,3.495,4.999,17.471,30.00,2289.64,21.88
9604.946,3.493,4.999,17.460,30.00,2289.64,21.87
9611.908,3.493,4.999,17.460,30.00,2289.65,21.86
9618.830,3.490,4.999,17.448,30.00,2289.65,21.84
9626.824,3.488,4.999,17.437,30.00,2289.65,21.87
9634.733,3.486,4.999,17.425,30.00,2289.64,21.87
9641.669,3.486,4.999,17.425,29.95,2289.63,21.85
9649.625,3.484,4.999,17.414,29.95,2289.64,21.85
9656.580,3.481,4.999,17.402,29.95,2289.64,21.85
9663.550,3.479,4.999,17.391,29.95,2289.61,21.83
9670.515,3.479,4.999,17.391,30.00,2289.64,21.83
9677.452,3.477,4.999,17.380,30.00,2289.63,21.83
9684.424,3.474,4.999,17.368,30.00,2289.63,21.86
9691.341,3.472,4.999,17.357,30.00,2289.63,21.87
9698.328,3.470,4.999,17.345,30.00,2289.63,21.88
9705.301,3.470,4.999,17.345,30.00,2289.63,21.86
9712.255,3.468,4.999,17.334,30.00,2289.62,21.84
9719.183,3.465,4.999,17.322,30.00,2289.64,21.87
9726.110,3.463,4.999,17.311,30.05,2289.63,21.90
9733.069,3.461,4.999,17.299,30.05,2289.61,21.88
9740.034,3.461,4.999,17.299,30.05,2289.61,21.90
9746.953,3.458,4.999,17.288,30.05,2289.62,21.86
9753.913,3.456,4.999,17.277,30.05,2289.62,21.84
9760.855,3.454,4.999,17.265,30.05,2289.62,21.82
9767.825,3.452,4.999,17.254,30.00,2289.62,21.82
9774.795,3.449,4.999,17.242,30.00,2289.62,21.83
9782.775,3.447,4.999,17.231,30.00,2289.61,21.84
9789.713,3.447,4.999,17.231,30.00,2289.62,21.84
9796.631,3.445,4.999,17.219,30.00,2289.61,21.87
9803.620,3.442,4.999,17.208,30.00,2289.60,21.89
9810.547,3.440,4.999,17.197,30.00,2289.59,21.92
9817.513,3.438,4.999,17.185,30.00,2289.61,21.88
9824.472,3.436,4.999,17.174,29.95,2289.60,21.89
9831.410,3.433,4.999,17.162,29.95,2289.60,21.89
9838.349,3.431,4.999,17.151,29.95,2289.60,21.87
9845.310,3.431,4.999,17.151,29.95,2289.60,21.86
9852.249,3.429,4.999,17.139,29.95,2289.60,21.84
9859.250,3.426,4.999,17.128,30.00,2289.59,21.86
9866.208,3.424,4.999,17.116,30.05,2289.61,21.85
9873.126,3.422,4.999,17.105,30.05,2289.58,21.83
9880.083,3.420,4.999,17.094,30.05,2289.60,21.81
9887.021,3.417,4.999,17.082,30.05,2289.60,21.84
9894.946,3.415,4.999,17.071,30.05,2289.59,21.82
9902.945,3.413,4.999,17.059,30.00,2289.58,21.85
9909.916,3.410,4.999,17.048,30.00,2289.58,21.85
9916.853,3.408,4.999,17.036,30.00,2289.58,21.86
9923.829,3.406,4.999,17.025,30.00,2289.60,21.87
9930.770,3.403,4.999,17.013,30.00,2289.59,21.89
9937.742,3.401,4.999,17.002,30.00,2289.60,21.87
9944.642,3.399,4.999,16.991,30.00,2289.59,21.82
9951.633,3.399,4.999,16.991,30.00,2289.59,21.82
9958.563,3.397,4.999,16.979,30.00,2289.58,21.82
9965.491,3.394,4.999,16.968,29.95,2289.60,21.82
9972.488,3.392,4.999,16.956,29.95,2289.57,21.81
9979.416,3.390,4.999,16.945,29.95,2289.59,21.83
9986.366,3.387,4.999,16.933,29.95,2289.60,21.84
9993.325,3.385,4.999,16.922,29.95,2289.60,21.86
10000.266,3.383,4.999,16.910,29.95,2289.60,21.84
10007.265,3.381,4.999,16.899,29.90,2289.60,21.84
10014.165,3.378,4.999,16.888,29.90,2289.59,21.84
10021.178,3.376,4.999,16.876,29.95,2289.58,21.85
10028.131,3.374,4.999,16.865,30.00,2289.59,21.83
10035.050,3.371,4.999,16.853,30.00,2289.59,21.82
10042.003,3.369,4.999,16.842,30.10,2289.59,21.81
10048.972,3.367,4.999,16.830,30.10,2289.58,21.81
10055.959,3.365,4.999,16.819,30.15,2289.59,21.80
10063.870,3.362,4.999,16.808,30.15,2289.58,21.80
10071.799,3.360,4.999,16.796,30.15,2289.57,21.79
10078.730,3.358,4.999,16.785,30.15,2289.60,21.78
10085.706,3.355,4.999,16.773,30.15,2289.58,21.77
10092.642,3.353,4.999,16.762,30.15,2289.57,21.79
10099.631,3.351,4.999,16.750,30.15,2289.58,21.80
10106.549,3.349,4.999,16.739,30.15,2289.57,21.81
10113.519,3.346,4.999,16.727,30.15,2289.58,21.82
10120.507,3.344,4.999,16.716,30.15,2289.58,21.81
10127.418,3.342,4.999,16.705,30.15,2289.56,21.81
10134.395,3.339,4.999,16.693,30.15,2289.57,21.82
10141.303,3.337,4.999,16.682,30.15,2289.56,21.81
10148.272,3.335,4.999,16.670,30.15,2289.57,21.81
10155.251,3.333,4.999,16.659,30.10,2289.58,21.80
10162.181,3.330,4.999,16.647,30.10,2289.58,21.82
10169.168,3.328,4.999,16.636,30.10,2289.55,21.83
10176.108,3.326,4.999,16.624,30.05,2289.56,21.81
10183.050,3.326,4.999,16.624,30.05,2289.55,21.81
10190.008,3.323,4.999,16.613,30.05,2289.56,21.81
10196.969,3.321,4.999,16.602,30.05,2289.56,21.83
10203.951,3.319,4.999,16.590,30.00,2289.57,21.82
10210.877,3.317,4.999,16.579,30.00,2289.56,21.81
10217.816,3.314,4.999,16.567,30.00,2289.56,21.82
10224.813,3.312,4.999,16.556,30.00,2289.55,21.85
10231.779,3.310,4.999,16.544,30.00,2289.56,21.85
10238.674,3.310,4.999,16.544,30.00,2289.56,21.84
10245.654,3.307,4.999,16.533,29.95,2289.55,21.84
10252.599,3.305,4.999,16.521,29.95,2289.55,21.84
10259.515,3.303,4.999,16.510,29.95,2289.55,21.84
10266.513,3.300,4.999,16.499,29.90,2289.55,21.82
10273.462,3.298,4.999,16.487,29.90,2289.55,21.84
10280.444,3.296,4.999,16.476,29.90,2289.55,21.83
10287.341,3.296,4.999,16.476,29.90,2289.55,21.83
10294.297,3.294,4.999,16.464,29.90,2289.55,21.85
10301.230,3.291,4.999,16.453,29.90,2289.55,21.84
10308.242,3.289,4.999,16.441,29.90,2289.54,21.84
10315.189,3.289,4.999,16.441,29.90,2289.54,21.83
10322.147,3.287,4.999,16.430,29.95,2289.54,21.82
10329.057,3.284,4.999,16.418,30.00,2289.54,21.79
10336.061,3.282,4.999,16.407,30.00,2289.54,21.78
10342.970,3.282,4.999,16.407,30.10,2289.54,21.78
10349.920,3.280,4.999,16.396,30.10,2289.55,21.78
10356.875,3.278,4.999,16.384,30.10,2289.54,21.79
10363.812,3.275,4.999,16.373,30.10,2289.54,21.78
10370.782,3.275,4.999,16.373,30.10,2289.53,21.78
10377.776,3.273,4.999,16.361,30.10,2289.54,21.80
10384.668,3.271,4.999,16.350,30.10,2289.56,21.81
10391.636,3.268,4.999,16.338,30.10,2289.54,21.83
10398.588,3.268,4.999,16.338,30.10,2289.53,21.81
10405.551,3.266,4.999,16.327,30.05,2289.54,21.82
10412.516,3.264,4.999,16.316,30.05,2289.53,21.82
10419.472,3.264,4.999,16.316,30.05,2289.54,21.82
10426.402,3.262,4.999,16.304,30.05,2289.55,21.81
10433.353,3.259,4.999,16.293,30.05,2289.53,21.77
10440.304,3.259,4.999,16.293,30.10,2289.54,21.75
10447.286,3.257,4.999,16.281,30.15,2289.54,21.76
10454.244,3.255,4.999,16.270,30.15,2289.54,21.77
10461.160,3.255,4.999,16.270,30.15,2289.54,21.79
10468.110,3.252,4.999,16.258,30.15,2289.53,21.82
10475.121,3.250,4.999,16.247,30.10,2289.54,21.82
10482.028,3.248,4.999,16.235,30.05,2289.53,21.80
10489.080,3.248,4.999,16.235,30.10,2289.54,21.82
10495.979,3.246,4.999,16.224,30.10,2289.53,21.81
10502.918,3.243,4.999,16.213,30.05,2289.53,21.82
10509.898,3.243,4.999,16.213,30.05,2289.55,21.83
10517.837,3.241,4.999,16.201,30.00,2289.53,21.82
10524.756,3.239,4.999,16.190,30.00,2289.53,21.81
10531.743,3.239,4.999,16.190,30.00,2289.53,21.82
10538.671,3.236,4.999,16.178,30.00,2289.51,21.84
10545.623,3.234,4.999,16.167,30.00,2289.52,21.85
10552.581,3.234,4.999,16.167,30.00,2289.52,21.81
10559.579,3.232,4.999,16.155,30.00,2289.52,21.80
10566.527,3.230,4.999,16.144,30.00,2289.51,21.81
10573.474,3.230,4.999,16.144,30.00,2289.51,21.79
10580.404,3.227,4.999,16.132,29.90,2289.52,21.78
10587.331,3.225,4.999,16.121,29.90,2289.52,21.79
10594.322,3.225,4.999,16.121,29.90,2289.53,21.79
10601.266,3.223,4.999,16.110,29.90,2289.49,21.80
10608.235,3.220,4.999,16.098,29.95,2289.50,21.81
10615.181,3.220,4.999,16.098,30.00,2289.51,21.83
10622.152,3.216,4.999,16.075,30.05,2289.50,21.80
10629.106,3.216,4.999,16.075,30.05,2289.50,21.83
10636.043,3.214,4.999,16.064,30.05,2289.49,21.82
10643.024,3.211,4.999,16.052,30.05,2289.50,21.79
10650.006,3.211,4.999,16.052,30.10,2289.49,21.79
10656.880,3.209,4.999,16.041,30.15,2289.48,21.79
10663.882,3.209,4.999,16.041,30.15,2289.48,21.79
10670.790,3.207,4.999,16.029,30.15,2289.48,21.81
10677.820,3.204,4.999,16.018,30.10,2289.48,21.83
10684.705,3.204,4.999,16.018,30.10,2289.48,21.80
10691.743,3.202,4.999,16.007,30.05,2289.48,21.78
10698.670,3.200,4.999,15.995,30.05,2289.48,21.79
10705.571,3.200,4.999,15.995,30.10,2289.48,21.81
10712.501,3.198,4.999,15.984,30.10,2289.48,21.78
10719.520,3.195,4.999,15.972,30.10,2289.48,21.76
10726.453,3.195,4.999,15.972,30.10,2289.47,21.74
10733.405,3.193,4.999,15.961,30.05,2289.47,21.74
10740.357,3.191,4.999,15.949,30.05,2289.45,21.74
10747.291,3.191,4.999,15.949,30.05,2289.45,21.76
10754.274,3.188,4.999,15.938,30.05,2289.46,21.78
10761.245,3.186,4.999,15.927,30.05,2289.47,21.76
10768.146,3.186,4.999,15.927,30.05,2289.45,21.76
10775.135,3.184,4.999,15.915,30.05,2289.45,21.76
10782.053,3.181,4.999,15.904,30.05,2289.46,21.74
10789.033,3.181,4.999,15.904,30.05,2289.45,21.75
10795.956,3.179,4.999,15.892,30.05,2289.46,21.74
10802.905,3.179,4.999,15.892,30.05,2289.45,21.72
10809.873,3.177,4.999,15.881,30.05,2289.46,21.73
10816.844,3.175,4.999,15.869,30.05,2289.45,21.73
10823.782,3.175,4.999,15.869,30.05,2289.45,21.75
10830.755,3.172,4.999,15.858,30.05,2289.45,21.78
10837.680,3.170,4.999,15.846,29.95,2289.44,21.79
10844.675,3.170,4.999,15.846,29.95,2289.44,21.80
10851.556,3.168,4.999,15.835,29.95,2289.45,21.80
10858.524,3.165,4.999,15.824,29.95,2289.43,21.81
10865.483,3.165,4.999,15.824,29.90,2289.44,21.79
10872.414,3.163,4.999,15.812,29.90,2289.44,21.80
10879.420,3.161,4.999,15.801,29.90,2289.45,21.76
10886.381,3.161,4.999,15.801,29.90,2289.45,21.78
10893.314,3.159,4.999,15.789,29.95,2289.44,21.79
10900.280,3.156,4.999,15.778,30.05,2289.43,21.80
10907.186,3.156,4.999,15.778,30.05,2289.44,21.79
10914.166,3.154,4.999,15.766,30.05,2289.44,21.77
10921.097,3.154,4.999,15.766,30.05,2289.43,21.76
10928.087,3.152,4.999,15.755,30.05,2289.44,21.78
10935.027,3.149,4.999,15.743,30.10,2289.45,21.79
10941.945,3.149,4.999,15.743,30.10,2289.42,21.81
10948.902,3.147,4.999,15.732,30.10,2289.43,21.83
10955.868,3.145,4.999,15.721,30.05,2289.44,21.81
10962.875,3.145,4.999,15.721,30.05,2289.45,21.75
10969.778,3.143,4.999,15.709,30.10,2289.44,21.78
10976.815,3.140,4.999,15.698,30.10,2289.43,21.78
10983.720,3.140,4.999,15.698,30.15,2289.43,21.77
10990.629,3.138,4.999,15.686,30.15,2289.43,21.76
10997.630,3.136,4.999,15.675,30.15,2289.43,21.76
11004.543,3.136,4.999,15.675,30.15,2289.41,21.75
11011.522,3.133,4.999,15.663,30.15,2289.41,21.75
11018.502,3.131,4.999,15.652,30.15,2289.42,21.73
11025.395,3.131,4.999,15.652,30.15,2289.42,21.72
11032.383,3.129,4.999,15.640,30.15,2289.41,21.74
11039.350,3.127,4.999,15.629,30.15,2289.42,21.75
11046.249,3.127,4.999,15.629,30.15,2289.42,21.75
11053.286,3.124,4.999,15.618,30.10,2289.40,21.75
11060.166,3.122,4.999,15.606,30.10,2289.40,21.77
11067.156,3.122,4.999,15.606,30.05,2289.40,21.76
11074.084,3.120,4.999,15.595,30.00,2289.41,21.76
11081.044,3.117,4.999,15.583,30.00,2289.41,21.76
11088.019,3.115,4.999,15.572,30.00,2289.41,21.73
11094.954,3.115,4.999,15.572,30.00,2289.39,21.75
11102.892,3.113,4.999,15.560,30.00,2289.41,21.74
11110.856,3.111,4.999,15.549,30.00,2289.39,21.73
11117.783,3.108,4.999,15.538,29.95,2289.39,21.76
11124.782,3.108,4.999,15.538,29.95,2289.40,21.77
11131.720,3.106,4.999,15.526,29.95,2289.40,21.77
11138.637,3.104,4.999,15.515,29.90,2289.40,21.75
11145.598,3.104,4.999,15.515,29.90,2289.39,21.74
11152.548,3.101,4.999,15.503,29.90,2289.40,21.74
11159.526,3.099,4.999,15.492,29.90,2289.39,21.73
11166.456,3.099,4.999,15.492,29.90,2289.38,21.72
11173.408,3.097,4.999,15.480,29.95,2289.39,21.72
11180.357,3.095,4.999,15.469,30.00,2289.39,21.74
11187.357,3.095,5.001,15.476,30.00,2289.40,21.73
11194.260,3.092,4.999,15.457,30.00,2289.38,21.72
11201.212,3.090,4.999,15.446,30.00,2289.39,21.72
11208.211,3.088,4.999,15.435,30.00,2289.41,21.72
11215.130,3.088,4.999,15.435,30.00,2289.40,21.69
11222.107,3.085,4.999,15.423,30.00,2289.41,21.72
11229.068,3.083,4.999,15.412,30.00,2289.39,21.73
11236.051,3.083,4.999,15.412,30.00,2289.39,21.76
11242.969,3.081,4.999,15.400,30.00,2289.39,21.75
11249.910,3.078,4.999,15.389,30.05,2289.39,21.75
11256.851,3.076,4.999,15.377,30.05,2289.39,21.75
11263.839,3.074,4.999,15.366,30.00,2289.41,21.73
11270.795,3.072,4.999,15.354,30.00,2289.40,21.69
11277.712,3.072,4.999,15.354,30.00,2289.40,21.67
11284.701,3.069,4.999,15.343,30.00,2289.38,21.69
11291.670,3.067,4.999,15.332,30.00,2289.37,21.70
11298.611,3.065,4.999,15.320,30.05,2289.39,21.72
11305.519,3.062,4.999,15.309,30.05,2289.40,21.74
11312.486,3.060,4.999,15.297,30.05,2289.39,21.75
11319.415,3.060,4.999,15.297,30.05,2289.40,21.76
11326.443,3.058,4.999,15.286,30.05,2289.39,21.76
11333.320,3.056,4.999,15.274,30.05,2289.39,21.75
11340.277,3.053,4.999,15.263,30.05,2289.38,21.74
11348.244,3.051,4.999,15.251,30.05,2289.38,21.72
11355.252,3.049,4.999,15.240,30.05,2289.37,21.71
11362.153,3.046,4.999,15.229,30.05,2289.39,21.71
11369.159,3.044,4.999,15.217,30.05,2289.38,21.74
11376.095,3.044,4.999,15.217,30.05,2289.37,21.76
11383.010,3.042,4.999,15.206,30.00,2289.39,21.77
11389.979,3.040,4.999,15.194,30.00,2289.37,21.73
11396.934,3.035,4.999,15.171,30.00,2289.36,21.74
11404.874,3.033,4.999,15.160,30.05,2289.37,21.76
11413.798,3.030,4.999,15.148,30.05,2289.36,21.74
11420.780,3.028,4.999,15.137,30.05,2289.35,21.71
11427.749,3.026,4.999,15.126,30.05,2289.36,21.70
11434.673,3.024,4.999,15.114,30.05,2289.36,21.69
11441.607,3.021,4.999,15.103,30.05,2289.34,21.70
11448.614,3.017,4.999,15.080,30.05,2289.35,21.71
11455.518,3.014,4.999,15.068,30.05,2289.35,21.71
11462.475,3.012,4.999,15.057,30.05,2289.35,21.71
11469.425,3.010,4.999,15.046,30.00,2289.35,21.73
11477.367,3.005,4.999,15.023,30.00,2289.36,21.73
11485.378,3.003,4.999,15.011,30.00,2289.35,21.73
11492.341,2.998,4.999,14.988,29.90,2289.36,21.73
11499.209,2.996,4.999,14.977,29.90,2289.36,21.74
11506.226,2.992,4.999,14.954,29.90,2289.35,21.74
11513.110,2.989,4.999,14.943,29.90,2289.34,21.72
11521.108,2.985,4.999,14.920,29.90,2289.34,21.74
11528.044,2.980,4.999,14.897,29.95,2289.35,21.72
11535.031,2.978,4.999,14.885,30.00,2289.35,21.71
11541.955,2.973,4.999,14.862,30.05,2289.35,21.72
11548.890,2.969,4.999,14.840,30.05,2289.35,21.74
11555.867,2.964,4.999,14.817,30.10,2289.35,21.75
11562.777,2.962,4.999,14.805,30.10,2289.35,21.76
11569.798,2.957,4.999,14.782,30.10,2289.33,21.78
11576.706,2.953,4.999,14.759,30.10,2289.34,21.79
11583.682,2.948,4.999,14.737,30.10,2289.33,21.79
11590.648,2.943,4.999,14.714,30.10,2289.34,21.75
11597.594,2.939,4.999,14.691,30.05,2289.34,21.75
11604.560,2.932,4.999,14.657,30.05,2289.35,21.74
11611.477,2.927,4.999,14.634,30.05,2289.35,21.75
11618.415,2.923,4.999,14.611,30.05,2289.34,21.77
11625.390,2.916,4.999,14.576,29.95,2289.34,21.77
11632.327,2.911,4.999,14.554,29.95,2289.35,21.77
11639.327,2.905,4.999,14.519,29.95,2289.35,21.77
11646.256,2.900,4.999,14.496,29.95,2289.33,21.77
11653.214,2.893,4.999,14.462,30.00,2289.34,21.74
11660.149,2.886,4.999,14.428,30.00,2289.35,21.71
11667.089,2.877,4.999,14.382,30.05,2289.32,21.74
11674.075,2.870,5.001,14.354,30.10,2289.33,21.72
11680.986,2.861,4.999,14.302,30.15,2289.35,21.73
11687.966,2.852,4.999,14.256,30.15,2289.34,21.75
11695.905,2.840,4.999,14.199,30.15,2289.32,21.76
11702.876,2.829,4.999,14.142,30.15,2289.33,21.71
11709.802,2.815,4.999,14.073,30.15,2289.34,21.69
11717.743,2.799,4.999,13.993,30.15,2289.33,21.70
11724.713,2.783,4.999,13.913,30.15,2289.33,21.68
11731.668,2.767,4.999,13.833,30.15,2289.33,21.69
11738.644,2.747,4.999,13.730,30.15,2289.35,21.70
11745.576,2.726,4.999,13.627,30.15,2289.34,21.69
11752.519,2.703,4.999,13.512,30.15,2289.35,21.69
11759.515,2.699,4.791,12.927,30.15,2289.34,21.69
11766.445,2.696,4.555,12.281,30.15,2289.35,21.68
11773.418,2.696,4.337,11.695,30.15,2289.33,21.69
11780.360,2.699,4.131,11.149,30.15,2289.34,21.70
11787.288,2.696,3.935,10.608,30.15,2289.35,21.71
11794.288,2.699,3.745,10.105,30.15,2289.34,21.72
11801.180,2.696,3.566,9.615,30.15,2289.33,21.69
11808.196,2.696,3.392,9.146,30.15,2289.34,21.67
11815.131,2.696,3.225,8.695,30.15,2289.33,21.69
11822.039,2.699,3.065,8.270,30.15,2289.34,21.68
11828.988,2.696,2.907,7.838,30.10,2289.32,21.67
11835.943,2.696,2.756,7.430,30.10,2289.31,21.69
11842.913,2.699,2.612,7.047,30.10,2289.32,21.68
11849.872,2.696,2.470,6.659,30.05,2289.33,21.68
11856.795,2.696,2.335,6.295,30.05,2289.32,21.66
11863.755,2.696,2.204,5.943,30.00,2289.31,21.66
11870.721,2.696,2.083,5.616,30.00,2289.31,21.64
11877.664,2.696,1.959,5.283,30.00,2289.31,21.67
11884.687,2.696,1.843,4.968,30.05,2289.31,21.67
11891.569,2.699,1.730,4.669,30.10,2289.30,21.65
11898.555,2.696,1.623,4.375,30.05,2289.31,21.64
11905.497,2.696,1.520,4.098,30.10,2289.31,21.66
11912.424,2.696,1.417,3.820,30.10,2289.30,21.66
11919.378,2.699,1.321,3.564,30.10,2289.31,21.68
11926.317,2.696,1.227,3.308,30.10,2289.31,21.70
11933.302,2.696,1.135,3.061,30.15,2289.29,21.68
11940.306,2.699,1.051,2.835,30.15,2289.31,21.67
11947.254,2.699,0.966,2.606,30.20,2289.31,21.63
11955.163,2.699,0.874,2.359,30.20,2289.30,21.62
11963.123,2.696,0.792,2.135,30.20,2289.30,21.64
11970.047,2.696,0.728,1.962,30.20,2289.30,21.66
11977.034,2.696,0.668,1.802,30.10,2289.30,21.68
11984.000,2.696,0.609,1.642,30.05,2289.29,21.68
11991.920,2.696,0.547,1.475,30.00,2289.30,21.69
11998.941,2.696,0.499,1.345,30.00,2289.29,21.67
12005.835,2.699,0.455,1.229,30.00,2289.29,21.66
12012.804,2.696,0.412,1.111,30.00,2289.29,21.64
12019.741,2.696,0.375,1.012,30.00,2289.29,21.62
12026.729,2.696,0.343,0.926,30.00,2289.28,21.63
12033.698,2.696,0.316,0.852,30.00,2289.29,21.61
12040.600,2.696,0.288,0.778,30.00,2289.30,21.63
12047.584,2.696,0.268,0.722,30.00,2289.26,21.63
